item,record,kind,claim,papers,pdfs,reader_verdict,reader_note
1,VF-15,VF,"Auxiliary-data-aware fusion (metadata, source-task attention, heterogeneous side-information) improves pMCI prediction over unimodal baselines in studies that test the comparison head-to-head (P-3, P-104, P-81); other fusion architectures report performance without unimodal benchmarking.","P-3, P-104, P-81",P-3: downloads/4. Computational Models and Modern AI Architectures/1-s2.0-S0010482523001658-main.pdf | P-104: downloads/4. Computational Models and Modern AI Architectures/1-s2.0-S1566253520303584-main.pdf | P-81: downloads/4. Computational Models and Modern AI Architectures/1-s2.0-S0969996123003261-main.pdf,admit,"Human 2026-09-19: all three supporters are ADNI (single dataset family; first-glance reject) but three supporters, same direction (each reports an advantage from adding information over a more limited baseline: P-3 CAAT vs a baseline 3D CNN and transfer learning; P-104 vs predictor-only use; P-81 PET-only and cognition-only vs fusion) and three different methods (CNN attention transfer; robust sparse heterogeneous fusion; 3D CNN multimodal fusion). One failed independence axis lowers the quality to Tier 2; it does not overturn the finding."
2,G-CAND-87,G,"P-430 (EEG/MEG, MCI detection): Small single-centre sample; modest discrimination; retrospective.","P-430, P-447",P-430: downloads/5. Neuroimaging and Neurophysiological Biomarkers/1-s2.0-S1041610225003709-main.pdf | P-447: downloads/5. Neuroimaging and Neurophysiological Biomarkers/1-s2.0-S1388245721004326-main.pdf,reject,"Human 2026-09-19: the statement is the paper's own limitation (small single-centre sample, modest discrimination, retrospective): a study weakness, not a corpus-level research gap. [Primed: this item was used as a worked example in the assistant's walkthrough before the reading; flag or exclude at scoring.]"
3,IA-69,IA,saliency no attention analysis no feature-importance ranking beyond the variable-combination search itself,,,reject,"Human 2026-09-19: no registered assumption (KA) corresponds to a belief that clinical progression models should expose their predictors through saliency, attention or feature importance, and P-788 does not establish such a belief; absence of an analysis is not evidence against a belief; the paper's variable selection is not feature-importance or XAI evidence; no direct contradictory result and no quantitative reversal; the record merely describes an absent method. [Primed: used as a worked example before the reading; flag or exclude at scoring.]"
4,CF-193,CF,"On an identical cortical-morphometry feature substrate and the same ADNI pMCI-vs-sMCI task at comparable validation tier, P-82's transformer self-attention reaches 83.3% where P-185's linear subspace-projection plus shallow SVM reaches 69.37%. Taken together the pair localises where the remaining signal lives: modelling cross-regional feature DEPENDENCIES extracts conversion signal that linear representation ...","P-82, P-185",P-82: downloads/4. Computational Models and Modern AI Architectures/1-s2.0-S1046202322001049-main.pdf | P-185: downloads/4. Computational Models and Modern AI Architectures/PMID_34513992_BMRI2021-5531940.pdf,reject,"Human 2026-09-19: fails several admission criteria. (1) Not the same representation: P-82 uses FreeSurfer v6.0, DKT atlas, 62 regions, five cortical measures (volume, thickness, curvature index, folding index, surface area) fed to a transformer; P-185 uses FreeSurfer v5.3.0, AAL atlas, 90 regions minus 12 subcortical, thickness and volume only, projected into a learned subspace - so 'identical cortical-morphometry feature substrate' is factually incorrect. (2) Validation protocols not comparable: P-82's headline 83.3% (AUC 0.888) is a held-out test-set result (10-fold CV reported separately); P-185's 69.37% is the mean of 20 repetitions of 10-fold CV - the 83.3 vs 69.37 gap cannot be read as a representation or architecture effect. (3) The record is truncated, relies on mechanical concatenation, and its insight is already claimed natively by one of the two papers."
5,G-CAND-217,G,"P-332 (Clinical/tabular, MCI conversion prediction): Limited external transportability evidence and potential sensitivity to model specification.",P-332,P-332: downloads/4. Computational Models and Modern AI Architectures/PMID_40597176_12911_2025_Article_3040.pdf,reject,"Human 2026-09-19: single-paper limitation reformatted (auto-reject class). The gap statement 'Limited external transportability evidence and potential sensitivity to model specification' is a near-verbatim lift of P-332's own fields (Problems: 'depends on landmarking/modeling assumptions and ADNI-specific cohort characteristics'; What can be improved: 'external validation and comparison against broader dynamic survival modeling baselines'; Limitations: the statement itself). Nothing added at corpus level: no evidence_for_open_status search, no nearest-paper account, no anchors beyond P-332, no closure criterion; P-332 is both anchor and sole evidence. 'Limited external transportability' is a catch-all applicable to any single-cohort ML study, not a specific absence; 'sensitivity to model specification' is a robustness question for the proposed model, not a demonstrated corpus absence. External validation of dynamic MCI-to-AD models could become a gap only after a corpus-wide check that this record never performs."
6,IA-08,IA,"P-2 (handwriting+qEEG), P-6 (language NLP), P-9 (speech-language-vision), and P-76/P-77 (facial video) report competitive discrimination without MRI/PET dependence",P-6,P-6: downloads/4. Computational Models and Modern AI Architectures/1-s2.0-S0010482524006917-main.pdf,admit,"Human 2026-09-19: agree. P-6 read in full: it compares its linguistic NLP approach against visual-only approaches on the same dataset, so competitive MCI discrimination without MRI/PET dependence is demonstrated within-study, not inferred. Reader's aside (not part of the verdict): the same within-dataset comparison against imaging-free channels could be applied in other areas as a cost-efficiency question."
7,IA-03,IA,"P-45 (ADNI, cross-sectional, N=171: 48 HC/60 EMCI/63 LMCI) found corpus-callosum structural irregularity increased with MCI stage and correlated significantly with CSF p-tau while showing NO significant association with amyloid-beta (a null amyloid correlation, not proven independence). P-265 (single-center retrospective MCI-AD cohort, N=110, Cox PH) found higher baseline tau - notably t-tau, adjusted HR 2.22 per ...","P-45, P-265",P-45: downloads/4. Computational Models and Modern AI Architectures/1-s2.0-S0304394023002884-main.pdf | P-265: downloads/4. Computational Models and Modern AI Architectures/PMID_38371917_ndt-20-271.pdf,admit,"Human 2026-09-19: agree. P-45 found no statistically significant association between callosal irregularity and amyloid-beta in that cohort while the microstructure tracked tau, which counts against the belief that amyloid change comes first and tau change follows; read as evidence against the amyloid-first sequence in this cohort."
8,CF-190,CF,"Two DIFFERENT non-resting EEG acquisition states - sleep and active memory-encoding - each substantially outperform standard resting/awake EEG for MCI detection/staging, converging on the conclusion that resting EEG under-samples the discriminative signal and the acquisition STATE is itself a design lever.","P-201, P-268",P-201: downloads/4. Computational Models and Modern AI Architectures/PMID_35493944_fnagi-14-865558.pdf | P-268: downloads/4. Computational Models and Modern AI Architectures/PMID_38438453_41598_2024_Article_55656.pdf,reject,"Human 2026-09-19: reject. The joint claim needs both sides, and the sleep-EEG side cannot anchor a record: P-201 is a 40-participant, all-female, two-channel sleep-EEG pilot reporting accuracy 93.46 percent and AUC 0.98 on internal validation - over the greater-than-0.97 performance-suspect line that the adjudication criteria set for papers that never anchor a record, with epoch-level leakage the standing suspicion for this class. The other side is sound (P-268: memory-encoding EEG 93.10 percent vs resting 67.24 percent within-study) but a complementary pair does not survive on one admissible study, and no rescope can keep it a CF. The single-study P-268 observation is retained in Section 4.2 as an acquisition-state note; the paired claim is withdrawn. [Provenance: the reader initially skipped this item, then rejected it on the assistant-verified performance-suspect finding.]"
9,VF-06,VF,Small sample sizes and ADNI over-representation are universal corpus-wide limitations constraining generalisability,,,admit,"Human 2026-09-19: agree. Across the papers read, individual studies rely on limited cohorts (P-45 171 participants, P-265 110), which underpowers tests and raises the risk of false positives or unrepresentative effect sizes; heavy reliance on ADNI means many studies draw from the same standardised, highly selected, largely homogeneous pools, and even within ADNI most use a subset rather than the whole cohort; findings from small or overlapping, highly specific cohorts may not translate to broader populations."
10,G-16,G,"No published speech-based ML architecture has achieved language-agnostic, zero-shot MCI detection maintaining AUROC >0.80 simultaneously across English, Mandarin Chinese, and at least one additional language family without language-specific fine-tuning or retraining.",,,admit,"Human 2026-09-19: agree. Many speech papers read state that they focus on one language (Mandarin, English or another) and cannot be generalised to a single language-agnostic model that would work across languages; this is plausible because tone, acoustic and linguistic function differ between languages, so the absence of a zero-shot cross-language architecture at AUROC above 0.80 stands."
11,CF-07,CF,Attention weights serve as biomarker importance proxy; learned importances exceed random or equal weighting; different structural components suppress different modalities,"P-56, P-48",P-56: downloads/4. Computational Models and Modern AI Architectures/1-s2.0-S0730725X24000468-main.pdf | P-48: downloads/4. Computational Models and Modern AI Architectures/1-s2.0-S0306452223000477-main.pdf,reject,"[NONBLIND] Reader reject 2026-09-21, concurring with the pipeline: the two papers address different aspects and do not support the record stated joint insight (attention weights as biomarker-importance proxy; P-56 is an SVM). The reader earlier admit rationale had addressed a generic diagnosis-vs-prognosis complementarity, not this claim. The pipeline verdict and ground were disclosed before this verdict (primed), so the item carries the non-blind marker and stays outside the blinded estimate; available for a second adjudicator cold read."
12,C-232,C,"Study A (P-344): P-344 (ADNI, n=902 MCI, 5 survival learners): 'RSF was the best model, with C-index 0.878 and IBS 0.115' - random survival forests outperformed classical and other ML survival approaches. || Study B (P-309): P-309 (NACC UDS 3.0, n=3,674 MCI): validation C-index 0.781 (RSF), 0.781 (XGBoost), 0.798 (Cox) - 'The prediction effects of the XGBoost and RSF models were not better than those of the Cox model.'","P-344, P-309",P-344: downloads/4. Computational Models and Modern AI Architectures/PMID_41193962_12874_2025_Article_2689.pdf | P-309: downloads/4. Computational Models and Modern AI Architectures/PMID_39915222_main (1).pdf,admit,"Human 2026-09-19: admit. The deliberate cross-cohort design is the point of the record (the claim is that model rankings do not transfer), and both sides are verbatim in the blocks: P-344 (ADNI, n=902 MCI, five survival learners) RSF best with C-index 0.878 and IBS 0.115; P-309 (NACC UDS 3.0, n=3,674) validation C-index 0.781 (RSF), 0.781 (XGBoost), 0.798 (Cox), with the stated conclusion that XGBoost and RSF were not better than Cox. Same task (MCI-to-dementia time-to-event), same metric type (concordance index on both sides), independent cohorts and author groups. A genuine dataset-dependent ranking reversal: non-linear survival ML wins on the biomarker-rich, tightly controlled ADNI cohort and fails to beat regularised Cox on the broader real-world NACC registry. [Aid: an AI block-summary was used during the reading; figures re-verified against the blocks; verdict is the readers own.]"
13,ACTOR-G-026,G,"EEG-ML MCI-detection studies report headline accuracies of 93-99.95% obtained under segment/epoch/spectrogram-image-level cross-validation that splits a single subject's autocorrelated epochs across folds (leaking subject identity), yet no study runs the controlled comparison of identical models under segment-wise vs subject-wise CV on the SAME data to isolate the leakage-attributable inflation.","P-31, P-70, P-121, P-112, P-119, P-501",P-31: downloads/4. Computational Models and Modern AI Architectures/1-s2.0-S0169260724001196-main.pdf | P-70: downloads/4. Computational Models and Modern AI Architectures/1-s2.0-S0950705122003847-main.pdf | P-121: downloads/4. Computational Models and Modern AI Architectures/1-s2.0-S1746809425001788-main.pdf | P-112: downloads/4. Computational Models and Modern AI Architectures/1-s2.0-S1746809420303773-main.pdf | P-119: downloads/4. Computational Models and Modern AI Architectures/1-s2.0-S1746809424009534-main.pdf | P-501: downloads/5. Neuroimaging and Neurophysiological Biomarkers/ALZ-20-145.pdf,admit,"Human 2026-09-19: agree. The anchor blocks evidence the absence: P-31 uses 27 subjects cut into 9,720 segmented samples and its block says dataset/task bias and leakage risks must be scrutinised; P-119 has 59 patients contributing 303 signals; P-121 turns 10 subjects into 2D time-frequency images. The blocks themselves call for the missing control: P-70 'What can be improved' asks for subject-independent validation, P-112 for subject-independent external test sets, P-31 for explicit leakage-control audits. No study runs the same model under segment-wise and subject-wise CV on the same data."
14,CF-248,CF,"Read together, MCI reversion is both prognostically favourable versus stable MCI in the short term (P-1133: reverters match NC on AD hazard and four biomarker domains) and dynamically unstable in the long term (P-1135: ~36% of post-reversion subjects re-progress to MCI within a decade). The two ADNI-sourced studies jointly define reversion as a real, partially favourable transition that still demands monitoring, so ...","P-1133, P-1135","P-1133: downloads/1. Clinical Assessments, Behavioral and Social Factors/PMID_40325426_12916_2025_Article_4092.pdf | P-1135: downloads/1. Clinical Assessments, Behavioral and Social Factors/PMID_40387264_ALZ-21-e70263.pdf",admit,"Human 2026-09-19: admit. Both blocks verbatim and the joint insight is stated by neither paper alone: P-1133 (BMC Medicine 2025) finds 18.17% reversion with an 89.6% lower AD-dementia hazard versus stable MCI and reverters matching normal cognition across cognitive, volumetric, metabolic and CSF biomarker domains - reversion is real and favourable in the medium term; P-1135 (multistate model over ~10 years) shows 35.71% of post-reversion subjects re-progress to MCI by year 10 - reversion is dynamically unstable in the long term. Complementary lenses (2-year reverter identification and 6-year outcome tracking vs a decade-long functional multistate trajectory) on the same construct: reversion is a genuine, partially favourable transition that still demands monitoring. Caveat carried, declared by the record itself: both studies are ADNI-sourced, so the complementarity is temporal horizon and method, not cohort independence, and participant overlap is possible. [Aid: an AI block-summary was used during the reading; figures re-verified against the blocks; verdict is the readers own.]"
15,CF-254,CF,"Two large, mutually-independent cohorts (NACC clinical registry vs TriNetX federated EHR) converge on cardiometabolic burden as an MCI-to-dementia driver, but P-1151 delineates the target outcome: P-1150 quantifies the genetic (APOE4) interaction and multiplicative combined-comorbidity risk on AD conversion, while P-1151 decomposes the SAME cardiometabolic exposure into condition-to-subtype specificity (diabetes ...","P-1150, P-1151","P-1150: downloads/1. Clinical Assessments, Behavioral and Social Factors/PMID_40950806_10.1177_25424823251353209.pdf | P-1151: downloads/1. Clinical Assessments, Behavioral and Social Factors/PMID_40951936_ALZ-21-e70692.pdf",admit,"Human 2026-09-19: admit. Mutually independent data families exactly as the record states (NACC clinical registry vs TriNetX federated EHR) and both blocks verbatim: P-1150 quantifies the genetic-vascular synergy on MCI-to-AD conversion, with individual cardiometabolic conditions modest alone but multiplying with APOE-e4 to combined hazards of ~7.6-16.7x; P-1151 decomposes the same cardiometabolic exposure into condition-to-subtype specificity, type 2 diabetes preferentially driving vascular dementia while hyperlipidemia targets Alzheimer disease. The joint insight - conditions select the dementia pathway while genetics amplifies the speed of the transition - is stated by neither paper alone. [Aid: an AI block-summary was used during the reading; figures re-verified against the blocks; verdict is the readers own.]"
16,IA-41,IA,"P-525 (Garon 2022; single Padua PD-MCI cohort, N=25 cross-sectional, [18F]flutemetamol PET): 17/25 (68%) of PD-MCI were amyloid-negative with no AD-type middle-temporal atrophy; although the 8 amyloid-positive patients had worse executive scores (p=0.037) correlating with frontal/parietal amyloid load (r up to -0.57), amyloid was not the main pathogenetic driver of cognitive impairment in this cohort.",P-525,P-525: downloads/5. Neuroimaging and Neurophysiological Biomarkers/PMID_35300351_fneur-12-760518.pdf,admit,"Human 2026-09-19: strongly agree; every element of the record checked against the P-525 PDF. Authors and cohort: Garon et al. 2022, single-centre Padua cohort of 25 PD-MCI patients, cross-sectional, simultaneous [18F]flutemetamol PET and 3T MRI. 68% amyloid-negative: the paper reports 8/25 (31%) Abeta+ and 17 Abeta-, VBM shows no between-group atrophy differences and the absence of AD-type middle-temporal atrophy is stated. Executive correlation: PD-MCI-Abeta+ had worse executive z-compound performance (p=0.037) and frontal and parietal amyloid load inversely correlated with executive scores (r up to -0.57). Conclusion matches almost word for word: amyloid is not the main pathogenetic determinant of cognitive deterioration in PD but aggravates deficits in domains already vulnerable to the primary pathology."
17,IA-18,IA,"P-386 (retrospective, N=166 MCI) found Reading-the-Mind-in-the-Eyes-Test (RMET, social cognition) correlated with structural MRI, FDG-PET, and neuropsychological measures but showed NO significant correlation with CSF biomarkers - DEMONSTRATING A DISSOCIATION that QUALIFIES (does not overturn) the assumption that MCI cognitive deficits track CSF amyloid/tau. A boundary case: CSF-normal patients can still have ...",P-386,P-386: downloads/5. Neuroimaging and Neurophysiological Biomarkers/1-s2.0-S0166432823005624-main.pdf,admit,"Human 2026-09-19: agree; block P-386 supports the record in three fields. Results: 'RMET correlated with neuropsychological measures and with structural and functional imaging parameters, but not with CSF biomarkers.' Key findings: 'RMET aligned with imaging and neuropsychological impairment but showed no significant correlation with CSF biomarkers.' Best metric: 'RMET correlations with structural and functional brain parameters; no significant CSF correlation.' Social-cognition impairment reflects brain change visible on MRI and FDG-PET independently of the core CSF amyloid and tau markers, which qualifies rather than overturns the belief that MCI deficits track CSF biomarkers."
18,G-04,G,No consensus exists on whether current MCI diagnostic criteria (Petersen rules) are optimised for computational biomarkers or require redefinition,"P-3, P-18, P-36, P-102",P-3: downloads/4. Computational Models and Modern AI Architectures/1-s2.0-S0010482523001658-main.pdf | P-18: downloads/4. Computational Models and Modern AI Architectures/1-s2.0-S0093934X23000226-main.pdf | P-36: downloads/4. Computational Models and Modern AI Architectures/1-s2.0-S0197457225003738-main.pdf | P-102: downloads/4. Computational Models and Modern AI Architectures/1-s2.0-S1532046423001636-main.pdf,admit,"Human 2026-09-19: agree. Reading the anchor papers raises the unanswered question of what happens to heterogeneity when criteria built on older, manually collected clinical assessment are combined with computational biomarkers: the corpus does not settle whether the Petersen-style criteria fit the computational methods or how the two are meant to be integrated."
19,IA-42,IA,"P-569 (Terstege 2024; ADNI N=399): in whole-cohort logistic regression, focal retrosplenial hypometabolism predicted MCI-to-AD conversion (|Z|=3.181, p=0.0015) whereas brain-wide hypometabolism did not (|Z|=1.390, p=0.1645). In a small amyloid/tau-negative subgroup (~46 subjects), only retrosplenial cortex showed reduced metabolism (group-difference F(44)=4.727, p=0.0351) - a metabolic difference, not a validated ...",P-569,P-569: downloads/5. Neuroimaging and Neurophysiological Biomarkers/PMID_39470016_ALZ-20-8979.pdf,admit,"Human 2026-09-19: agree; record checked statistic by statistic against the P-569 PDF. Cohort and author: Terstege 2024, ADNI, exactly 399 subjects. Whole-cohort logistic regression matches the Results word for word: retrosplenial FDG-PET SUVr predicted MCI-to-AD transition (|Z|=3.181, p=0.0015) while brain-wide SUVr did not (|Z|=1.390, p=0.1645). Amyloid/tau-negative subgroup confirmed: decreased SUVr only in the retrosplenial cortex (F(44)=4.727, p=0.0351), not brain-wide, and the paper's own limitations note the subgroup is small (about 46 subjects). The paper's point is that a localised metabolic drop in the retrosplenial cortex predicts progression where widespread hypometabolism does not."
20,ACTOR-G-037,G,"MCI multi-omics subtypes are confounded with the clustering pipeline: multiple ADNI subtyping studies each report a different number of subtypes with different biology using different fusion/clustering methods, yet none tests whether subtype ASSIGNMENTS are concordant across methods on the SAME subjects (e.g. adjusted Rand index), so subtype identity may be an algorithm artifact.","P-126, P-351",P-126: downloads/4. Computational Models and Modern AI Architectures/1-s2.0-S1746809426000224-main (1).pdf | P-351: downloads/4. Computational Models and Modern AI Architectures/PMID_41636955_12031_2026_Article_2474.pdf,admit,"Human 2026-09-19: agree after reading both papers. Same database, different mathematics: both use ADNI, but P-126 groups patients with mixKernel multi-omics fusion and P-351 with Similarity Network Fusion. Different results: P-126 declares four molecular MCI subtypes driven by monocyte and TNF immune signalling; P-351 reports distinct subtypes driven by different transcriptomic pathways. The missing concordance test is the core: neither paper asks whether mixKernel and SNF assign the same 305 patients to the same subtype, and neither block mentions an adjusted Rand index or any cross-method agreement metric, so the subtypes may be algorithm artefacts rather than biology."
21,CF-273,CF,"P-1214's imaging conversion model predicts the exact outcome P-1216 shows ChEI treatment independently accelerates, yet P-1214 contains no medication-use covariate while P-1216 shows the treatment is common (30% of amnestic MCI) and an independent progression driver. Together they expose a systematic confound in imaging-only MCI conversion prediction: a shape-feature AUC of 0.89-0.90 measured on a mixed ...","P-1214, P-1216",P-1214: downloads/2. Animal Models and Pre-clinical Mechanisms/PMID_40137577_tomography-11-00037.pdf | P-1216: downloads/2. Animal Models and Pre-clinical Mechanisms/PMID_41568736_ALZ-21-e70193.pdf,admit,"Human 2026-09-19: admit. The confound reading holds in both blocks and is stated by neither paper alone: P-1214 reports an imaging-only MCI conversion model (shape-feature AUC 0.89-0.90) with no medication-use covariate anywhere in its pipeline, while P-1216 shows cholinesterase-inhibitor treatment is common in amnestic MCI (~30%) and acts as an independent progression accelerant. The outcome P-1214 predicts is therefore partly driven by a treatment variable it never models - a systematic confound for imaging-only conversion prediction measured on mixed treated/untreated cohorts. [Aid: an AI block-summary was used during the reading; figures re-verified against the blocks; verdict is the readers own.]"
22,IA-66,IA,"P-651 (hippocampal-subfield NODDI in CSVD, N=169: 58 CSVD-MCI / 54 CSVD-NC / 57 HC) reported left CA1-3 NDI INCREASED in the CSVD-MCI group in the direct 2-group contrast.",P-651,"P-651: downloads/1. Clinical Assessments, Behavioral and Social Factors/1-s2.0-S0165032725007839-main.pdf",reject,"Human 2026-09-19: reject. From the summary block alone I would admit it: the 2-group contrast sentence is really there (left CA1-3 NDI increased in CSVD-MCI vs CSVD-NC). But the paper itself does not present the increase as a discovery overturning the falling-NDI belief: in the Discussion (Section 4.1) the authors attribute it to inflammation rather than true structural density ('we speculate that early microvascular injury and secondary neuroinflammation trigger parenchymal cellular activation, proliferation, and localized edema (Vogt et al., 2020; Hannawi, 2024), thereby causing a pseudo-increase in NDI') and align it with already-published gliosis-attributed NDI increases in Parkinson's disease (Ogawa et al., 2021; Wei et al., 2024). The field already knew this boundary case existed, so extending it to CSVD-MCI is replication of a known exception, not a belief reversal (EXCEPTION_ALREADY_IN_FIELD). [Primed: the reader saw the record's rejection rationale before scoring this item; flag or exclude at scoring.]"
23,VF-29,VF,"How MCI status and its correlates are ascertained is a first-order determinant of the reported estimate, not a second-order nuisance: within the same condition, the measurement source and the case definition move prevalence estimates by a factor of two or more, and this dominates every substantive moderator tested alongside it.","P-654, P-657, P-648, P-650, P-924, P-926, P-937, P-955, P-962, P-971, P-982, P-1046","P-654: downloads/1. Clinical Assessments, Behavioral and Social Factors/1-s2.0-S0165178124003524-main.pdf | P-657: downloads/1. Clinical Assessments, Behavioral and Social Factors/1-s2.0-S0165178125005670-main.pdf | P-648: downloads/1. Clinical Assessments, Behavioral and Social Factors/1-s2.0-S0165032724009248-main.pdf | P-650: downloads/1. Clinical Assessments, Behavioral and Social Factors/1-s2.0-S0165032725004847-main.pdf | P-924: downloads/1. Clinical Assessments, Behavioral and Social Factors/PMID_32819188_nihms-1670931.pdf | P-926: downloads/1. Clinical Assessments, Behavioral and Social Factors/1-s2.0-S2667032124000040-main.pdf | P-937: downloads/1. Clinical Assessments, Behavioral and Social Factors/PMID_33962665_13195_2021_Article_832.pdf | P-955: downloads/1. Clinical Assessments, Behavioral and Social Factors/PMID_34864658_nihms-1771873.pdf | P-962: downloads/1. Clinical Assessments, Behavioral and Social Factors/PMID_35326274_brainsci-12-00318.pdf | P-971: downloads/1. Clinical Assessments, Behavioral and Social Factors/PMID_35547623_fnagi-14-847315.pdf | P-982: downloads/1. Clinical Assessments, Behavioral and Social Factors/PMID_36292406_healthcare-10-01959.pdf | P-1046: downloads/1. Clinical Assessments, Behavioral and Social Factors/PMID_37481563_13195_2023_Article_1272.pdf",admit,"Human 2026-09-19: admit. Read all 12 blocks (blocks_item23_VF-29.md); the factor-of-two-or-more movement is documented WITHIN studies, not inferred across them. Measurement source: P-654 (52-study meta-analysis) sleep-disturbance prevalence in the same MCI condition is 49.4% self-reported vs 23.7% informant-rated vs 33.8% clinician-administered (Q=30.173, p<0.001) - the asking method alone doubles it. Case definition: P-955 classifies the same 354-person cohort as 44% MCI by clinical consensus, 53% by actuarial (Jak/Bondi) and 41% by LCA, with Black participants over-represented among actuarial-only cases; P-962 finds test-score-only (1.5 SD) MCI criteria lack temporal stability. Recruitment and ascertainment: P-924 moves 1-year RBANS Immediate Memory decline from 47% (clinic) to 11% (community); P-937 across five MCI datasets shows about 10% progression to dementia after 4 years in the drug-trial cohort vs over 30% in the four observational cohorts; P-971 practice-effect adjustment gives a twofold increase in dementia hazard ratios and reduces reversion by 28.8%. Ascertainment channel warps prevalence in both directions: ICD/claims coding collapses it (P-648 UK Biobank 1.4% MCI over 13.0y; P-650 UK Biobank 3272/200,726 = 1.6% over 13.1y; P-1046 Medicare claims leave ~92% of expected MCI undiagnosed) while proactive MoCA<25 screening inflates it (P-982: 82.7% of a metabolic-clinic sample). One change in how patients are ascertained or scored moves the whole estimate; the measurement choice dominates the data. Far more than 3 independent supporters (distinct cohorts, countries, designs and author groups), all in the same direction. [Aid: an AI block-summary was used during the reading; all figures re-verified verbatim against the blocks before recording; verdict is the readers own.]"
24,CF-185,CF,"Two physically distinct non-volumetric contrasts - functional connectivity and tissue mechanics - each access an aMCI signal precisely where standard volumetry is silent, indicating a volume-negative MCI is not marker-negative and that functional and mechanical channels are non-redundant.","P-518, P-478",P-518: downloads/5. Neuroimaging and Neurophysiological Biomarkers/PMID_34737688_EXCLI-20-1458.pdf | P-478: downloads/5. Neuroimaging and Neurophysiological Biomarkers/1-s2.0-S2213158223000165-main.pdf,admit,"Human 2026-09-19: admit. Verified against both blocks, read in full at item 25: P-518 (rs-fMRI, 44) fronto-temporal functional decoupling separates confirmed mdaMCI from healthy controls while hippocampal subvolumes and cortical thickness do not; P-478 (MR elastography, 83) lower CA1-CA2/DG-CA3 stiffness detects aMCI even when volume is preserved (low DG-CA3 stiffness predicts aMCI regardless of volume, B=-0.11, p<0.001). Two physically distinct non-volumetric channels - functional connectivity and tissue mechanics - from independent cohorts and author groups, each accessing the aMCI signal precisely where volumetry is silent; the joint insight that volume-negative MCI is not marker-negative and the channels are non-redundant is stated by neither paper alone. [Aid: an AI block-summary was used during the reading; figures re-verified against the blocks; verdict is the readers own.]"
25,VF-20,VF,"Volumetric atrophy (especially hippocampal and whole-brain volume) is a comparatively LATE and insufficient MCI marker: across independent modalities, functional, microstructural, mechanical and metabolic measures detect MCI or predict conversion in the regime where conventional volume is preserved or non-discriminative.","P-518, P-478, P-432, P-460, P-584, P-581",P-518: downloads/5. Neuroimaging and Neurophysiological Biomarkers/PMID_34737688_EXCLI-20-1458.pdf | P-478: downloads/5. Neuroimaging and Neurophysiological Biomarkers/1-s2.0-S2213158223000165-main.pdf | P-432: downloads/5. Neuroimaging and Neurophysiological Biomarkers/1-s2.0-S1053811921004912-main.pdf | P-460: downloads/5. Neuroimaging and Neurophysiological Biomarkers/1-s2.0-S1568163722001179-main.pdf | P-584: downloads/5. Neuroimaging and Neurophysiological Biomarkers/PMID_41040687_nihpp-2025.09.20.25336240v1.pdf | P-581: downloads/5. Neuroimaging and Neurophysiological Biomarkers/PMID_40420356_ALZ-21-e70310.pdf,admit,"Human 2026-09-19: admit. Read all 6 blocks (blocks_item25_VF-20.md); each supporter tests its channel side-by-side against volume within the same study and volume loses, across six different modalities, cohorts and author groups: P-518 (rs-fMRI, 44) fronto-temporal decoupling separates confirmed mdaMCI from HC while hippocampal subvolumes and cortical thickness do not; P-478 (MR elastography, 83) lower CA1-CA2/DG-CA3 stiffness detects aMCI even when volume is preserved (low DG-CA3 stiffness predicts aMCI regardless of volume, B=-0.11, p<0.001); P-432 (T2 relaxometry, 148) T2 heterogeneity greater in MCI across all MTL subfields, positioned as a pre-atrophy marker of tissue at risk; P-581 (diffusion MRI, NACC 826) cortical-disarray metrics (PerpPD+) outperform hippocampal volume, cortical volume and cortical thickness in Kaplan-Meier prediction of MCI-to-dementia conversion; P-584 (MEG+plasma+PET Cox, PREVENT-AD 102) MEG alpha power and molecular markers predict CU-to-MCI progression while hippocampal volume does not predict at all; P-460 (meta-analysis, 50 studies) whole-brain volume not significantly reduced in either MCI subtype while amyloid burden is the only aMCI-specific abnormality. Well over 3 independent supporters, same direction, each in the modality the record names. Two scope caveats carried, not verdict-changing: P-460 backs the whole-brain-volume leg only (its MTL-volume effect in aMCI is large, g=-0.84, so MTL volume is not silent there), and P-584 is a preprint with 31 progressors in the CU-to-MCI window. [Aid: an AI block-summary was used during the reading; all claims re-verified against the blocks before recording; verdict is the readers own.]"
26,G-CAND-299,G,"P-550 (fNIRS, MCI reversion): Small single-site pilot (n=40) with no efficacy endpoint, single-blinding (researchers unblinded), and acute (not chronic) stimulation, limiting conclusions about therapeutic benefit and generalisability.",P-550,P-550: downloads/5. Neuroimaging and Neurophysiological Biomarkers/PMID_37532979_12883_2023_Article_3320.pdf,reject,"Human 2026-09-19: reject. Single-paper-limitation reformatted (the auto-reject class): the gap statement is a word-for-word lift of the P-550 block field ### Potential gaps or limitations (Small single-site pilot (n=40) with no efficacy endpoint, single-blinding (researchers unblinded), and acute (not chronic) stimulation...), echoed in What are the problems and Primary Limitation. A limitation of completed research can seed a gap, but only after a corpus-wide check, and this record has none: P-550 is both sole anchor and sole evidence, with no search of what nearby studies do instead and no closure criteria. Two further grounds from the block: P-550 is the VINCI-AD STUDY PROTOCOL (title says study protocol; block states This is a study protocol; no patient results are reported) - per the criteria, protocols without results never anchor a record - and the parenthetical in the record mislabels it as (fNIRS, MCI reversion) when it is a tVNS/NEMOS safety-and-feasibility crossover pilot in amnestic MCI at one Dublin site, with NIRS only as an active-stand haemodynamic safety outcome and reversion not the topic. A study weakness, not a corpus-level absence."
27,ACTOR-G-014,G,"Predictive signals dissociable from amyloid are repeatedly reported, but no corpus study builds or validates a conversion-prognosis model specifically for the amyloid-negative (A-, SNAP / suspected non-Alzheimer pathophysiology) MCI subgroup, which is consistently treated as an underpowered afterthought.","P-388, P-400, P-511, P-525, P-549, P-569, P-392",P-388: downloads/5. Neuroimaging and Neurophysiological Biomarkers/1-s2.0-S0167876023002039-main.pdf | P-400: downloads/5. Neuroimaging and Neurophysiological Biomarkers/1-s2.0-S0197458024000265-main.pdf | P-511: downloads/5. Neuroimaging and Neurophysiological Biomarkers/PMID_34334389_jad-83-jad201234.pdf | P-525: downloads/5. Neuroimaging and Neurophysiological Biomarkers/PMID_35300351_fneur-12-760518.pdf | P-549: downloads/5. Neuroimaging and Neurophysiological Biomarkers/PMID_37509041_brainsci-13-01111.pdf | P-569: downloads/5. Neuroimaging and Neurophysiological Biomarkers/PMID_39470016_ALZ-20-8979.pdf | P-392: downloads/5. Neuroimaging and Neurophysiological Biomarkers/1-s2.0-S0197458020304218-main.pdf,admit,"Human 2026-09-19: admit. Both legs of the gap check out in the anchors. Dissociable-from-amyloid signals are measured, not asserted: P-511 qEEG + CSF neurogranin predict MCI-to-dementia progression independent of baseline CSF amyloid status; P-569 retrosplenial hypometabolism marks converters in the Abeta/tau-NEGATIVE subgroup (F(44)=4.727, p=0.0351); P-392 perivascular-space burden tracks early cognitive dysfunction irrespective of amyloid; P-525 finds 68% of PD-MCI amyloid-negative with amyloid not the main driver. And the A- subgroup is consistently the underpowered afterthought or excluded outright: P-511 (72 patients, preventing separate amyloid-stratified logistic regressions), P-569 (~46-subject pathology-negative subgroup, larger ones called for), P-525 (17 A- patients reducing statistical power), while P-549 enrols amyloid-positive MCI only and P-400 enrols CSF-confirmed ADMCI only. Anchor bookkeeping: P-388 is the symposium-abstract edition of P-400 (same 52 ADMCI / 60 HC study), so the two count as one anchor and the gap survives without the abstract. Closing-paper check done corpus-wide (grep SNAP / suspected non-Alzheimer / amyloid-negative over summaries.md): the nearest papers characterise the subgroup but build no model for it - P-265 (SNAP n=32, 43-46% conversion similar to AD-continuum, whole-cohort Cox only), P-551 (A-T+ atrophy characterisation), P-1330 (SNAP/mismatch characterisation) - and two corpus papers independently name the absence: P-730 calls the A- MCI population under-characterised and P-1279 lists long-term prognosis of A-/N+ (SNAP) MCI as an open problem. No corpus study builds or validates an A--specific conversion-prognosis model; the gap stands as stated, with closure criteria implicit (a validated A--only prognostic model). [Aid: an AI block-summary was used during the reading; all quotes re-verified against the blocks and the corpus grep run before recording; verdict is the readers own.]"
28,ACTOR-G-018,G,"Depression is entered into MCI models as a dichotomy at a scale cut-off in every corpus study that models it as an exposure, yet the two studies that DO stratify by severity both find the milder stratum carrying the worse biology and the worse trajectory - so the assumed monotone severity-risk relation has never been tested against a continuous or multi-stratum specification. MANDATORY GENERALISATION CAVEAT ...","P-645, P-643, P-646, P-647, P-657, P-656, P-663","P-645: downloads/1. Clinical Assessments, Behavioral and Social Factors/1-s2.0-S0165032721008156-main.pdf | P-643: downloads/1. Clinical Assessments, Behavioral and Social Factors/1-s2.0-S0165032720331396-main.pdf | P-646: downloads/1. Clinical Assessments, Behavioral and Social Factors/1-s2.0-S016503272300811X-main.pdf | P-647: downloads/1. Clinical Assessments, Behavioral and Social Factors/1-s2.0-S0165032723012120-main.pdf | P-657: downloads/1. Clinical Assessments, Behavioral and Social Factors/1-s2.0-S0165178125005670-main.pdf | P-656: downloads/1. Clinical Assessments, Behavioral and Social Factors/1-s2.0-S016517812500472X-main.pdf | P-663: downloads/1. Clinical Assessments, Behavioral and Social Factors/1-s2.0-S0166432822001619-main.pdf",admit,"Human 2026-09-19: admit - and what is admitted includes the MANDATORY GENERALISATION CAVEAT inside the statement (the severity inversion is one centre, Korea University Guro; P-643 and P-645 are one group with an overlapping cohort and count as a single dataset family; independent replication required before field-level status). The inversion pair is verbatim in the blocks: P-645 (59 completers of 87, 1-year follow-up) - within the amyloid-positive arm the declines were carried by STD-MCI, deterioration clearest in subthreshold, not major, depression; P-643 (same 87-patient depressed-MCI cohort plus 43 HC) - the STD-MCI-A(+) group showed the greatest FC reduction relative to MDD-MCI; the block sample sizes confirm the overlapping-cohort caveat. The dichotomy leg holds in every other anchor that models depression as an exposure, by their own blocks: P-646 (HRS, 20 years) enters CES-D dichotomised and lists dichotomisation of CES-D potentially hiding non-linearity among its own limitations; P-647 enters GDS at a cut-off (175 with / 839 without depressive symptoms) and its own limitations state depressive symptoms defined by a scale cut-off; P-657 (52-study StD meta-analysis) documents the deliberately broad merged construct and calls for stratified category counts synthesised separately instead of merged. The strongest potential falsifier was checked and clears: P-656 does run a continuous symptom-count model (adjusted RR 1.11 per SCID symptom; splines never beat linear), but the count pools PTSD+MDE symptoms in a 98.5 percent male responder cohort with only 6 MDE-only cases, and MDE itself enters as a binary SCID diagnosis - not a depression-severity specification, so the universal negative stands. P-663 models no depression exposure at all (recent mental illness excluded; depression appears only in narrative citations) - a neutral anchor. Closure criteria in the record are concrete: continuous or >=3-strata severity against an MCI biomarker or outcome with a formal monotonicity test. [Aid: an AI block-summary was used during the reading; all quotes re-verified against the blocks and the falsifier check run before recording; verdict is the readers own.]"
29,C-227,C,"Study A (P-655): P-655: intensified/doubled mobile-application cognitive training (CCT2x, defined as two mobile-application interventions or active application use) is the top-ranked treatment for every cognitive outcome - global ... || Study B (P-653): P-653: within MCI, adding a three-week computerised cognitive training burst before functional skills training produced NO advantage over skills training alone - composite cognition t = 0.86, p = 0.39; VRFCAT completion ...","P-655, P-653","P-655: downloads/1. Clinical Assessments, Behavioral and Social Factors/1-s2.0-S0165178125000757-main.pdf | P-653: downloads/1. Clinical Assessments, Behavioral and Social Factors/1-s2.0-S0165178124000775-main.pdf",admit,"Human 2026-09-19: admit. Claim-level conflict on the same question - does doubling/intensifying digital cognitive training help MCI cognition - with both quotes verbatim in the blocks. Study A (P-655, 10-RCT network meta-analysis): CCT2x tops the SUCRA ranking for every significant cognitive outcome, SMD 1.21 (global cognition), 0.87 (episodic memory), 0.93 (working memory) vs 0.80/0.36/0.62 for single CCT. Study B (P-653, randomized, 92 MCI of 164): within MCI the added three-week BrainHQ burst gave no advantage over functional skills training alone (composite cognition t = 0.86, p = 0.39; VRFCAT time t = 0.19, p = 0.85) - and the combined arm is precisely a doubled digital intervention, so it instantiates the CCT2x construct head-to-head. Caveats carried, which explain rather than dissolve the conflict: (1) the A side is fragile by its own block - MCI and dementia pooled into one population, some included cohorts not strictly MCI, several network nodes resting on single trials, per-trial n 19-117, and screening-flow counts that do not reconcile; (2) partial independence - the network includes Harvey 2022, the earlier trial of the same research group whose synergy finding P-653 then failed to replicate, though the P-653 cohort itself (n=164) is not in the network; (3) the B side has no inactive control arm, a declared i-Function commercial relationship, and its combined arm reached equivalent gains with fewer skills-training sessions (10.75 vs 6.72 per task, p = 0.10 ns; without the sessions covariate the group x time interaction is significant, F = 3.74, p = 0.03), so the null holds for the stated endpoints, not for every reading of dose. Opposite conclusions stand on the question as recorded. [Aid: an AI block-summary was used during the reading; all figures re-verified against the blocks before recording; verdict is the readers own.]"
30,G-18,G,"Explainable AI (XAI) methods in MCI research rely on descriptive feature attribution (SHAP, Grad-CAM, attention maps) without prospective evidence that these explanations provide actionable clinical reasoning or measurably improve clinician decision-making.",,,admit,"Human 2026-09-19: admit. Corpus-relative check run (grep XAI/SHAP/Grad-CAM/saliency/explainability against clinician/reader/decision/workflow terms across summaries.md): no corpus study prospectively tests whether an XAI explanation improves clinician diagnostic accuracy or changes a decision. The nearest papers deploy attribution TOWARD clinicians without evaluating impact - P-96 ships a SHAP + Streamlit web calculator for clinician use with no clinician study, and P-94 offers primary-care-facing explainability while its own block concedes the explainability benefit depends on clinician training/familiarity - and P-359 names the black-box adoption barrier as motivation. The only randomised-with-clinician grep hits (P-793, P-872) are cognitive-training and serious-games studies, not XAI evaluations. The absence is specific with a clear closure route (a prospective reader/decision-impact study) and matches the gold-standard gap class in the adjudication criteria (XAI shown to change a decision). The reading aid cited external systematic reviews, but the recorded ground is the corpus check above, since a gap here is corpus-relative and dated. [Aid: an AI summary was used during the reading; corpus grep and nearest-paper checks run before recording; verdict is the readers own.]"
31,IA-31,IA,"P-96 (Random Forest on CHARLS; 7 routine physical-exam/blood variables; SHAP-topping grip strength and creatinine) screened MCI without cognitive testing, externally validated at AUROC 0.83-0.87 (CHARLS 2011 + Yiwu cohort). Note: MMSE defined the training LABELS, so cognitive testing is displaced from screening-time inference, not eliminated from the diagnostic chain.",P-96,P-96: downloads/4. Computational Models and Modern AI Architectures/1-s2.0-S1386505625002473-main.pdf,admit,"Human 2026-09-19: admit, as the bounded invalidation the record itself states. Every element verified in the P-96 block: Random Forest on CHARLS with majority-voting reduction to 7 routine variables (education, grip strength, height, weight, creatinine, mean corpuscular volume, platelet count); SHAP names grip strength and creatinine the top contributors; external validation AUROC 0.87 (Yiwu community cohort) and 0.83 (CHARLS 2011); the significance field states high-accuracy MCI screening without specialized cognitive testing. The bound is real and stated in the block itself: the training labels are an MMSE-based MCI diagnosis (CHARLS 2015, age-standardized norms), so cognitive testing is displaced from screening-time inference, not eliminated from the diagnostic chain - the record carries exactly this caveat, which is why it is admissible as bounded rather than refuted. Residual weaknesses noted, not verdict-changing: the block reports no sample N (Not reported in source), validation covers Chinese cohorts only, and the model is cross-sectional with no conversion claim. [Aid: an AI block-summary was used during the reading; all figures re-verified against the block before recording; verdict is the readers own.]"
32,IA-47,IA,"P-281 (Audronyte 2023; single-site, cross-sectional, N=90 = 30 CN / 30 MCI-AD / 30 mild-dementia-AD): olfactory recognition memory was significantly impaired in AD dementia but MCI-AD did NOT differ significantly from CN, while verbal memory WAS already impaired at MCI-AD. In this small cross-sectional cohort olfactory recognition-memory deficits were not detected at the prodromal (MCI-AD) stage - a null in 30/group ...",P-281,P-281: downloads/2. Animal Models and Pre-clinical Mechanisms/PMID_37332995_fneur-14-1165594.pdf,admit,"Human 2026-09-19: admit. Record checked line by line against the P-281 block: Audronyte 2023 (Frontiers in Neurology, DOI 10.3389/fneur.2023.1165594), single-centre cross-sectional, N=90 divided evenly across CN / MCI-AD / mild-dementia-AD (30 per group). Results verbatim: olfactory immediate and delayed recognition significantly lower in mild dementia than in MCI-AD and CN; MCI-AD and CN did not differ significantly on olfactory memory; verbal memory impaired in both MCI-AD and mild dementia vs CN. The caveat inside the record is honest and matches the block - a null in 30/group, with Small sample size the first listed problem - so this is a bounded finding (olfactory recognition memory not detectably impaired at the prodromal stage in this small cohort), not a refutation of olfaction as an AD marker; the significance field says exactly that (olfactory memory appears to worsen later than verbal memory, so it may be less sensitive in the prodromal stage). [Aid: an AI block-summary was used during the reading; all statements re-verified against the block; verdict is the readers own.]"
33,C-204,C,"Study A (P-41): P-41: Multi-view 2D projection ensemble — AUC ~0.92 on T2 (sMCI→pMCI/AD), ADNI internal (V2) validation || Study B (P-65): P-65: 3D hemispheric asymmetry CNN — AUC ~0.84 on T2 (MCI→AD), ADNI internal (V2) validation","P-41, P-65",P-41: downloads/4. Computational Models and Modern AI Architectures/1-s2.0-S0262885625000794-main.pdf | P-65: downloads/4. Computational Models and Modern AI Architectures/1-s2.0-S0893608025014157-main.pdf,admit,"Human 2026-09-19: admit. Both sides verified in the blocks. Study A P-41: multi-view 2D projection ensemble (axial/coronal/sagittal planes; EfficientNet-B7/ConvNeXt/DenseNet-121; Bayesian-optimised heads), ADNI 192 (printed arms 96 sMCI / 81 pMCI sum to 177 - block inconsistency noted), sMCI-to-pMCI/AD, AUC 92 percent with accuracy 91 percent, internal ADNI validation only. Study B P-65: HemiNet 3D hemispheric-asymmetry CNN, ADNI 573 (300 pMCI / 273 sMCI), MCI-to-AD conversion, AUC 84.01 percent on ADNI cross-validation (OASIS-3 n=144 used separately as external validation). Gates: same task (T2 conversion), same data family (both ADNI), same modality (structural MRI), same metric type (AUC vs AUC), independent methods and author groups, neither performance-suspect. The numeric gap is 7.99 points - sitting exactly at the V2 threshold of 0.08 within the rounding of the reported 92 percent - so the conflict stands right on the line the pipeline uses, and it is a genuine performance disagreement: the simpler 2D slicing ensemble reports a far higher AUC than the biologically-motivated 3D asymmetry model on the same database, with the live question being whether the P-41 figure is inflated (its own block lists overfitting risk without external-site validation, while P-65 validates externally). Reader aside for transparency: I would not have noticed this contrast unaided. [Aid: an AI block-summary was used during the reading; figures re-verified against the blocks; verdict is the readers own.]"
34,VF-01,VF,Hippocampal and medial temporal atrophy is the most consistently replicated structural MCI biomarker,"P-50, P-51, P-52, P-66, P-99, P-595",P-50: downloads/4. Computational Models and Modern AI Architectures/1-s2.0-S030645222400349X-main.pdf | P-51: downloads/4. Computational Models and Modern AI Architectures/1-s2.0-S0306452225003227-main.pdf | P-52: downloads/4. Computational Models and Modern AI Architectures/1-s2.0-S0306452225011066-main.pdf | P-66: downloads/4. Computational Models and Modern AI Architectures/1-s2.0-S0899707124002316-main.pdf | P-99: downloads/4. Computational Models and Modern AI Architectures/1-s2.0-S1389041722001073-main.pdf | P-595: downloads/5. Neuroimaging and Neurophysiological Biomarkers/PMID_41559358_41598_2026_Article_35610.pdf,admit,"Human 2026-09-19: admit, on four of the six listed supporters. Solid, each with the anchor in its own findings: P-50 (single-centre SBM morphometry - MCI atrophy in left thalamus/hippocampus/amygdala and right pallidum/hippocampus, right hippocampal volume correlating with episodic memory); P-52 (XGBoost with selected hippocampal radiomic features performed best); P-99 (automatic feature selection identified ventricular/medial temporal structures as key MCI discriminators); P-595 (MCI A+ and AD A+ show reduced SRLM integrity, increased atrophy and decreased hippocampal volume). Distinct method families and not all ADNI (P-50 and P-52 read as single-centre cohorts), so the 3-independent-supporters bar is cleared with margin. Two listed supporters do NOT carry the anchor and should be discounted: the P-51 block contains no hippocampal or medial-temporal content at all (its key findings are generic structural-biomarker claims - the historical curation flag on P-51 is confirmed), and P-66 uses hippocampus/amygdala ROIs as model input while its finding is about fusion gains, which the criteria say is not support. Verdict unchanged by the discount: four independent, same-direction supporters remain. [Aid: an AI summary was used during part of the reading; every supporter key-findings field re-checked; verdict is the readers own.]"
35,MINE-G-002,G,GAP: No exercise-for-MCI meta-analysis in this corpus POOLS a post-cessation follow-up timepoint - every pooled cognitive estimate is taken at the end of the intervention period - so the corpus contains no pooled estimate of how much of the reported benefit survives the programme ending. P-674 documents the mechanism at method level: its eligibility specifies 'Timing of outcome measurement: end of exercise therapy' ...,"P-674, P-698, P-603, P-613, P-692, P-609","P-674: downloads/1. Clinical Assessments, Behavioral and Social Factors/1-s2.0-S0167494322002424-main.pdf | P-698: downloads/1. Clinical Assessments, Behavioral and Social Factors/1-s2.0-S019745722300040X-main.pdf | P-603: downloads/1. Clinical Assessments, Behavioral and Social Factors/1-s2.0-S0003999323002526-main.pdf | P-613: downloads/1. Clinical Assessments, Behavioral and Social Factors/1-s2.0-S002074892400155X-main.pdf | P-692: downloads/1. Clinical Assessments, Behavioral and Social Factors/1-s2.0-S0197457222001173-main.pdf | P-609: downloads/1. Clinical Assessments, Behavioral and Social Factors/1-s2.0-S0020748921001723-main.pdf",admit,"Human 2026-09-19: admit. The mechanism quote is verbatim in the P-674 block methods (Timing of outcome measurement: end of exercise therapy) and its limitations field states that nothing is learned about persistence of benefit because the eligibility criteria fix outcome timing at the end of exercise therapy even though several included trials collected later follow-up points. All six anchor meta-analyses name the missing durability follow-up in their own blocks: P-698 lists whether gains persist after the intervention stops as an open problem and calls for a post-intervention maintenance follow-up; P-603 calls for analysis of durability; P-613 lists durability as an open problem; P-692 raises persistence after the programme; P-609 lists durability of effects as an open problem with short follow-ups as a primary limitation. None of the six pools a post-cessation timepoint, so the corpus holds no pooled estimate of how much of the reported cognitive benefit survives the programme ending - a specific absence with an obvious closure criterion (a meta-analysis pooling post-cessation endpoints). [Aid: an AI summary was used during the reading; the six blocks re-checked for the quoted fields; verdict is the readers own.]"
36,IA-13,IA,The NMA ranking does not robustly support multi-ingredient superiority over omega-3: the significant Multi arm rests on N=526 vs the null Omega-3 arm's N=2293 with an implausible ~2-SD effect (small-study/precision-asymmetry pattern). This undercuts the reliability of the ranking; it does not by itself establish omega-3 superiority or multi-ingredient ineffectiveness.,P-151,P-151: downloads/4. Computational Models and Modern AI Architectures/1-s2.0-S2405457725001317-main.pdf,admit,"Human 2026-09-19: admit, as the epistemic/bounded record it is written as: the NMA ranking is unreliable, and per the record itself this neither establishes omega-3 superiority nor multi-ingredient ineffectiveness. Verified against the P-151 block, which was rewritten from the source PDF on 2026-09-15, so the old truncated-raw-extract flag no longer applies. The rewritten block confirms the asymmetry: multi-ingredient is the only node above placebo at SMD 2.03 (95 percent CrI 0.97-3.09) - the implausible ~2-SD effect - resting on 6 small trials, against the null omega-3 node at SMD 0.39 (-0.42 to 1.19) on 2,293 participants across 10 trials. The block strengthens the record further: the multi-ingredient effect is LARGER in high-risk-of-bias trials (meta-regression SMD 2.20), node-splitting shows direct-versus-indirect inconsistency for exactly these two nodes, and network I-squared is 78.1 percent. One detail correction to the record: the multi-ingredient arm totals 483 participants (6 trials) in the rewritten block, not 526; the substantive contrast (a few hundred versus 2,293) is unchanged. Reader also read the paper. [Aid: an AI summary was used during the reading; figures re-verified against the rewritten block; verdict is the readers own.]"
37,IA-20,IA,"P-368 studied resting EEG gamma-range (30–100 Hz) functional connectivity in 21 aMCI patients vs 62 cognitively normal controls. Using partial coherence (PCOH) to factor out global connectivity effects, the paper found that gamma-1 (30–50 Hz) and gamma-2 (50–100 Hz) connectivity was significantly elevated in MCI patients in central electrode regions, in both eyes-open and eyes-closed conditions. Crucially, this was ...",P-368,P-368: downloads/5. Neuroimaging and Neurophysiological Biomarkers/1-s2.0-S0006899325005360-main.pdf,reject,"Reader 2026-09-21: reject. The authors themselves state gamma remains underexplored, so the historical alpha/theta focus is not disproven; the paper shows high-gamma utility, it does not invalidate the prior. [Aid: external AI reading; P-368 block re-verified by assistant: gamma elevation + underexplored statement both present]"
38,VF-08-candidate,VF,Graph-based representations of brain connectivity outperform regional feature vectors for MCI classification,"P-14, P-75",P-14: downloads/4. Computational Models and Modern AI Architectures/1-s2.0-S0031320322005866-main.pdf | P-75: downloads/4. Computational Models and Modern AI Architectures/1-s2.0-S0957417423010771-main.pdf,admit,"Human 2026-09-19: admit. Both supporters verified in their blocks: P-14 MSE-GCN integrates DTI and rs-fMRI connectivity in a population-graph framework with random-walk embeddings and reports mean accuracy 90.39 percent against simpler graph structures and single-modality pipelines; P-75 QS-SAGCN builds higher-order multi-protein PET connectivity networks (Abeta and tau) with Siamese self-attention pooling and reports about 93.5 percent MCI accuracy over baseline methods. Both treat the brain as a topological network and beat their regional/vector baselines within-study, which is the anchor of the claim. Caveats carried: the record has only TWO supporters, below the three-supporter bar for a full VF - it is styled VF-08-candidate and is admitted as that candidate-level directional claim - and the 93.5 percent figure approaches the performance-suspect zone. [Aid: an AI block-summary was used during the reading; figures re-verified against the blocks; verdict is the readers own.]"
39,IA-10,IA,P-108 meta-analysis reports stronger and more robust progression association for informant-reported SCCs than self-reported SCCs,P-108,P-108: downloads/4. Computational Models and Modern AI Architectures/1-s2.0-S1568163722002148-main.pdf,admit,"Human 2026-09-19: admit. P-108 block verbatim: meta-analytic relative risk for progression is 1.38 (p <= 0.001) for informant-reported subjective cognitive complaints versus 1.27 (p = 0.011) for self-reported ones - the informant association is stronger and more robust, which is exactly what the record claims. Correctly bounded: both associations are significant, so the record disproves equal prognostic informativeness of self- and informant-report, not the utility of self-report itself. [Aid: an AI block-summary was used during the reading; figures re-verified against the block; verdict is the readers own.]"
40,VF-09,VF,"Population-specific MCI prediction is feasible across diverse clinical contexts (CHF, T2DM, Parkinson's, occupational/miners), but the critical comparison against general-population models has not been performed.","P-19, P-35, P-46, P-91",P-19: downloads/4. Computational Models and Modern AI Architectures/1-s2.0-S0147651324011874-main (1).pdf | P-35: downloads/4. Computational Models and Modern AI Architectures/1-s2.0-S019745722500028X-main.pdf | P-46: downloads/4. Computational Models and Modern AI Architectures/1-s2.0-S0306452221003766-main.pdf | P-91: downloads/4. Computational Models and Modern AI Architectures/1-s2.0-S1353802023008817-main.pdf,admit,"Human 2026-09-19: admit. All four supporters verified, each a population-specific MCI model in a distinct clinical or occupational context with its headline figure in the block: P-19 occupational dust-exposed miners (XGBoost AUC 0.913); P-35 chronic heart failure (XGBoost with dynamic nomogram, AUC 0.940); P-46 type-2 diabetes (nonlinear EEG synchronization biomarkers); P-91 idiopathic Parkinson disease (automated tractography plus SVM, AUC 0.80). The second leg holds too: none of the four benchmarks its specialised model against a general-population MCI screening model - validation is internal to each cohort with internal baselines - so feasibility across diverse contexts is demonstrated while the critical general-vs-specific comparison remains unperformed, exactly as the statement says. Four distinct populations, modalities and author groups clear the independence bar. [Aid: an AI block-summary was used during the reading; figures re-verified against the blocks; verdict is the readers own.]"
41,VF-05,VF,"Within ADNI, neuropsychological features consistently outrank imaging in direct comparisons (P-243, P-48, P-320), but this pattern has NOT been verified in non-ADNI cohorts.","P-243, P-48, P-81",P-243: downloads/4. Computational Models and Modern AI Architectures/PMID_37740920_afad182.pdf | P-48: downloads/4. Computational Models and Modern AI Architectures/1-s2.0-S0306452223000477-main.pdf | P-81: downloads/4. Computational Models and Modern AI Architectures/1-s2.0-S0969996123003261-main.pdf,admit,"Human 2026-09-19: admit as scoped - the claim is expressly ADNI-internal and carries the non-ADNI caveat in its own wording. Verified per supporter: P-243 LASSO feature selection retains neuropsychological and functional scores (FAQ, mPACCtrailsB, ADAS11) and drops MRI features for MCI-to-AD prediction; P-48 structural-MRI-only feature sets sit around 0.79 accuracy, below models carrying neuropsychological and biomarker scores, with cognitive and memory markers driving top performance; P-81 cognitive scores alone outperform PET-only models for conversion risk, with fusion succeeding only when anchored on baseline cognition. All three are ADNI cohorts, which is precisely the scope clause. Bookkeeping discrepancy for the apply pass: the claim text cites (P-243, P-48, P-320) while the papers column and the verified evidence are P-243, P-48, P-81 - the P-320 mention in the statement should be corrected to P-81. [Aid: an AI block-summary was used during the reading; figures re-verified against the blocks; verdict is the readers own.]"
42,C-80,C,"Study A (P-82): P-82: Transformer on FreeSurfer features — 83.3% Acc on T2, ADNI, structural MRI, V2 || Study B (P-3): P-3: CNN with attention transfer — 74.61% Acc on T2, ADNI, structural MRI, V2","P-82, P-3",P-82: downloads/4. Computational Models and Modern AI Architectures/1-s2.0-S1046202322001049-main.pdf | P-3: downloads/4. Computational Models and Modern AI Architectures/1-s2.0-S0010482523001658-main.pdf,reject,"Human 2026-09-19: reject. The two accuracies are real in the blocks (P-82 transformer on FreeSurfer-derived cortical features, 83.3 percent; P-3 CNN with attention transfer on image-level input, 74.61 percent; both T2, ADNI, structural MRI, V2), but the comparison substrate is not shared: P-82 consumes pre-computed FreeSurfer tabular ROI features while P-3 consumes voxel/image input into a CNN, so the 8.7-point gap confounds input representation with architecture and cannot be read as two results disagreeing about the same measured quantity - an apples-to-oranges feature comparison, the same substrate error family already rejected at item 4 (CF-193). Distinguished from C-204 (admitted, item 33), where both sides consume raw MRI and the contrast is between volumetric representations of the same input. Rejected as incommensurable rather than a genuine conflict. [Aid: an AI block-summary was used during the reading; figures re-verified against the blocks; verdict is the readers own.]"
43,IA-106,IA,"The standing lipid-variability prior - that HIGH visit-to-visit variability in blood lipids marks elevated dementia/cognitive-impairment risk - is reversed in the decade before symptom onset: in a propensity-matched EHR case-control study the LOWEST variability-independent-of-the-mean (VIM) quintile carried the highest risk, for MCI (lowest non-HDL-C VIM quintile, OR 2.2, 95% CI 1.3-3.8, P=0.004) and for AD (lowest ...",P-1222,"P-1222: downloads/1. Clinical Assessments, Behavioral and Social Factors/1-s2.0-S0163834325002142-main.pdf",reject,"Human 2026-09-20: reject (REVISED same day; the reader initially admitted after an AI-assisted reading, then re-read and withdrew the admit). The numbers are real (lowest non-HDL-C VIM quintile: MCI OR 2.2, 95% CI 1.3-3.8, P=0.004; AD OR 2.5) and they do conflict with the Moser/Chung high-variability prior, but the record cannot carry a belief reversal: the MCI result does not survive the papers own 25-comparison correction (only the AD arm does), low variability in irregular routine-care lipid measurements is plausibly a care-intensity/adherence/health-status proxy rather than biology, and the authors themselves file the discrepancy as unresolved with methodological explanations (VIM window, case definition, modelling). A cross-study contradiction worth keeping visible - it is already captured as gap G-NEW-1222-A - not a settled reversal. Same failure family as IA-66 (correction-failing arm plus authors declining the claim). [Aid: AI reading summary used for the initial pass; the reversal is the readers own on re-reading; figures re-verified against the block.]"
44,G-13,G,Amyloid PET incremental value over non-invasive markers — never directly tested in general MCI.,"P-81, P-221",P-81: downloads/4. Computational Models and Modern AI Architectures/1-s2.0-S0969996123003261-main.pdf | P-221: downloads/4. Computational Models and Modern AI Architectures/PMID_36468069_fneur-13-1010147.pdf,admit,"Human 2026-09-19: admit. Both anchors verified and the absence is real: P-81 (ADNI, 612) fuses FDG-PET with cognition - cognitive scores alone outperform PET alone, and its own improvement list names amyloid/tau PET integration as UNTESTED future work; P-221 (PD cohort, 75, PET subgroup 36) is the only corpus study found that actually adds amyloid PET to a non-invasive baseline, and there it REDUCED performance with no significant amyloid differences between PD-MCI and noPD-MCI - but that is a disease-specific Parkinson population, not general MCI. So the direct test of amyloid PET incremental value over non-invasive markers in general MCI remains unrun, and the reading leaves exactly the question the reader put: does adding PET increase or decrease accuracy versus cheaper markers - unresolved. Closure: a general-MCI study reporting accuracy/AUC with and without amyloid PET added to a non-invasive baseline. [Aid: an AI block-summary was used during the reading; both blocks re-checked; verdict is the readers own.]"
45,IA-96,IA,"On 105 age- and education-matched picture-description transcripts (35 HC / 35 MCI / 35 AD), four generic surface measures computed without manual syntactic analysis - utterance count (omnibus p .788), MLU (.063), type-token ratio (.252) and formal grammatical error rate (Fisher pairwise p 1) - fail to separate the diagnostic groups univariately, while hand-annotated referential-grammar variables on the SAME ...",P-748,"P-748: downloads/1. Clinical Assessments, Behavioral and Social Factors/1-s2.0-S0911604422000136-main.pdf",reject,"Human 2026-09-20: reject. The univariate results are real (105 age- and education-matched transcripts, 35 HC / 35 MCI / 35 AD; generic surface measures fail univariately while hand-annotated referential-grammar variables separate the groups), but the record cannot carry a reversal about generic-feature pipelines: the study builds no multivariate classifier, so it never tests generic features as the combined set modern pipelines actually use. The block itself documents the source confound (healthy controls from UK clinics, most MCI/AD transcripts from the US Pitt corpus, so dialect, recording and transcription differences ride along with diagnosis) and the gender inversion between groups. The evidence bounds the usefulness of single generic measures; it does not invalidate combined generic-feature pipelines. [Aid: AI reading summary used; confounds re-verified against the block; verdict is the readers own.]"
46,VF-18,VF,Ocular channels (retinal structure and eye-movement behavior) are repeatedly supported as scalable biomarker directions for early cognitive decline detection,"P-5, P-105, P-952, P-966","P-5: downloads/4. Computational Models and Modern AI Architectures/1-s2.0-S0010482523008764-main.pdf | P-105: downloads/4. Computational Models and Modern AI Architectures/1-s2.0-S1566253525002751-main.pdf | P-952: downloads/1. Clinical Assessments, Behavioral and Social Factors/PMID_34785897_ndt-17-3267.pdf | P-966: downloads/1. Clinical Assessments, Behavioral and Social Factors/PMID_35478701_fnagi-14-871432.pdf",admit,"Human 2026-09-20: admit on three independent primary supporters plus one review. Verified in the blocks: P-5 (DuCAN dual-stream attention on fundus + OCT; MCI precision 84.96 percent, overall accuracy 91.64) and P-952 (classical ML on fundus vascular features, SVM AUC 0.87, framed for community and primary-care screening) carry the retinal-structure channel; P-966 (prosaccade/antisaccade and Go/No-go; MCI patients make more inhibition errors and fail to self-correct) carries the eye-movement channel. Caveat carried: P-105 is a review synthesising eye-tracking studies, and per the criteria a review restating others is not an independent supporter, so the record stands on the three primary studies, which still clears the three-supporter bar; the scalability framing (low-cost, non-invasive) is stated in the primary blocks themselves. [Aid: AI reading summary used; figures re-verified against the blocks; verdict is the readers own.]"
47,IA-05,IA,"P-81 (3D CNN on whole-brain FDG-PET + neurocognitive scores, ADNI N=612: 150 CN/257 MCI/205 AD; best fusion AUC 0.785) applies Grad-CAM/saliency whose maps qualitatively localise to plausibly disease-relevant regions (putamen, thalamus, precuneus, temporal cortex), showing imaging-DL decisions are not wholly opaque. Qualitative regional saliency only: no quantitative overlap metric and no independent ...",P-81,P-81: downloads/4. Computational Models and Modern AI Architectures/1-s2.0-S0969996123003261-main.pdf,admit,"Human 2026-09-20: admit, noting with the reader that it is deliberately modest evidence. P-81 has now been verified at three items (41, 44 and here): 3D CNN on whole-brain FDG-PET plus neurocognitive scores, ADNI N=612 (150 CN / 257 MCI / 205 AD), best fusion AUC 0.785 +/- 0.096, and Grad-CAM/saliency maps qualitatively localising to putamen, thalamus, precuneus and temporal cortex - all verbatim in the block. The record claims only qualitative regional plausibility (no overlap metric, no independent molecular validation), which is exactly what the block supports: weak, but honestly bounded. [Aid: AI reading summary used; figures re-verified against the block; verdict is the readers own.]"
48,VF-19,VF,"In CHINESE / EAST-ASIAN population/community MCI-risk screening cohorts, education and psychosocial/functional factors (education, social engagement, loneliness, depression/anxiety, functional disability) are the dominant predictors, consistently out-ranking biological variables in interpretable (SHAP) models.","P-19, P-25, P-27, P-307",P-19: downloads/4. Computational Models and Modern AI Architectures/1-s2.0-S0147651324011874-main (1).pdf | P-25: downloads/4. Computational Models and Modern AI Architectures/1-s2.0-S0165032724015441-main.pdf | P-27: downloads/4. Computational Models and Modern AI Architectures/1-s2.0-S0165032725021433-main.pdf | P-307: downloads/4. Computational Models and Modern AI Architectures/PMID_39838390_12912_2025_Article_2723.pdf,admit,"Human 2026-09-20: admit. All four supporters verified with their headline figures in the blocks: P-19 (dust-exposed miners, XGBoost + SHAP, AUC 0.913 with external validation) led by education, social support and anxiety; P-25 (CHARLS 2020, LightGBM, AUC 0.71-0.77) led by education and social engagement; P-27 (CHARLS 2018 with CLHLS external validation, random forest, AUC 0.801) led by education, loneliness and IADL disability; P-307 (chronic-pain cohort, XGBoost, AUC 0.925) led by education, depression and sleep. Education tops every SHAP ranking and psychosocial/functional factors outrank biological variables throughout, exactly as stated. Independence caveat carried: P-25 and P-27 both draw on CHARLS and conservatively count as one supporter, leaving three distinct cohort families (occupational miners, CHARLS-based community, chronic-pain clinical), which still clears the three-supporter bar. [Aid: AI reading summary used; figures re-verified against the blocks; verdict is the readers own.]"
49,C-37,C,Study A (P-114): P-114: 93% Acc on T1 || Study B (P-95): P-95: 66–81% on T1,"P-114, P-95",P-114: downloads/4. Computational Models and Modern AI Architectures/1-s2.0-S1746809421000963-main.pdf | P-95: downloads/4. Computational Models and Modern AI Architectures/1-s2.0-S1386505623002137-main.pdf,reject,"Human 2026-09-20: reject. The record states nothing but a magnitude gap (P-114 at 93 percent accuracy vs P-95 at 66-81 percent on T1) with no shared frame: no common dataset family, modality, validation tier or metric context is recorded, and there is no directional or claim-level opposition. An accuracy difference between two different models on different data is expected variation in computational research, not a contradiction; the pair fails the comparability gates as stated. [Aid: AI reading summary used; verdict is the readers own.]"
50,C-183,C,Study A (P-339): P-339: AUC 0.765 on T1 || Study B (P-307): P-307: AUC 0.925 on T1,"P-339, P-307",P-339: downloads/4. Computational Models and Modern AI Architectures/PMID_40925887_41598_2025_Article_17241.pdf | P-307: downloads/4. Computational Models and Modern AI Architectures/PMID_39838390_12912_2025_Article_2723.pdf,reject,Human 2026-09-20: reject. A bare AUC gap (P-339 at 0.765 vs P-307 at 0.925 on T1) with no shared frame; P-307 is an XGBoost model on a chronic-pain cohort (verified at item 48) and nothing in the record establishes that the two studies measure the same construct on comparable data. A performance difference is not a disagreement about a fact; not a genuine conflict. [Aid: AI reading summary used; verdict is the readers own.]
51,CF-189,CF,"Two independent demographic axes - sex and ancestry - each break the assumption of a universal biomarker-cognition mapping, in two different modalities (EEG-CSF and fMRI-graph). Together they imply MCI functional biomarkers need stratification on at least two demographic axes, not one.","P-452, P-409",P-452: downloads/5. Neuroimaging and Neurophysiological Biomarkers/1-s2.0-S1388245722008604-main.pdf | P-409: downloads/5. Neuroimaging and Neurophysiological Biomarkers/1-s2.0-S0306452220306849-main.pdf,admit,"Human 2026-09-19: admit (set verdict for the census tail; provenance below). P-452 (N=27 MCI with CSF, single centre): EEG-CSF correlation profiles are distinct by sex - males show Abeta42-theta and t-tau-alpha correlations, females t-tau-beta - a direct within-study break of a sex-universal mapping. P-409 (N=84 analysed, Chinese cohort): graph-theoretic network analysis on the population-specific Chinese2020 atlas, motivated by documented MNI152 template bias, finds frontal and unique cerebellar MCI alterations. Caveat carried: the ancestry leg is indirect - template dependence plus population-specific findings, not a head-to-head cross-ancestry moderation test - which is exactly why the joint sex-by-ancestry quantification stands as a Table 3 open problem. Joint insight (stratify functional biomarkers on both demographic axes) stated by neither paper alone; independent cohorts and modalities. [Provenance: reader admitted the census-tail records as a set; assistant re-verified figures and directions against the blocks before recording.]"
52,CF-10,CF,"Medial temporal lobe not monolithic: hippocampus robust biomarker, entorhinal cortex cohort-dependent; suggests differential pathology progression rates in MTL substructures","P-51, P-52",P-51: downloads/4. Computational Models and Modern AI Architectures/1-s2.0-S0306452225003227-main.pdf | P-52: downloads/4. Computational Models and Modern AI Architectures/1-s2.0-S0306452225011066-main.pdf,reject,"Human 2026-09-20: reject. The findings the record attributes to its two papers are not in their blocks (both read in full at item 34): P-51 is a VBM plus surface-based-morphometry study of stable-versus-progressive MCI (frontal/temporal volume reductions, parietal thinning, insular gyrification) and does not establish hippocampal replication as its finding, and P-52 is a hippocampal-radiomics classification pipeline that does not evaluate the entorhinal cortex at all. The combined insight (hippocampus robust, entorhinal cohort-dependent) is a plausible idea attached to two papers that did not produce the data for it. [Aid: AI reading summary used; attributions re-verified against the blocks; verdict is the readers own.]"
53,IA-43,IA,"P-542 (Huang 2022; ADNI-2, N=130 across CN/EMCI/LMCI/AD, cross-sectional DCM over 7 DMN/SAN/CEN ROIs): directional (effective) connectivity declined progressively from full connection in CN to none in AD, detectable as early as EMCI; the authors interpret this, extending prior FC meta-findings (Xu et al. 2020), as indicating FC strengths are poor indicators of EC strengths in AD - a discussion-level inference, not a ...",P-542,P-542: downloads/5. Neuroimaging and Neurophysiological Biomarkers/PMID_36590062_fnhum-16-1060936.pdf,admit,"Human 2026-09-20: admit as the self-scoped record it is. P-542 block verified: ADNI-2, N=130 across CN/EMCI/LMCI/AD, cross-sectional dynamic causal modelling over seven DMN/SAN/CEN ROIs, with directional (effective) connectivity declining progressively from full connection in CN to none in AD and detectable from EMCI. The further claim - that functional-connectivity strength is a poor indicator of effective-connectivity strength - is carried as the authors discussion-level inference, exactly as the record itself states, and Section 4.2 of the review already cites it with that caveat. [Aid: AI reading summary used; figures re-verified against the block; verdict is the readers own.]"
54,G-CAND-54,G,"Corpus-wide absence: molecular/fluid feature engineering (cgrs/ces/des), patient similarity graphs, graph convolutional networks, attention-based fusion, ablation analysis. modality never applied to T4 (T4) despite appearing in corpus for other tasks.",UNRESOLVED,,reject,"Human 2026-09-20: reject. Structural defects first: the statement is a template combinatorial absence (a bundle of molecular/fluid feature engineering, patient-similarity graphs, graph convolutional networks and attention-based fusion declared never applied to T4) with papers_claiming_gap UNRESOLVED - both are named reject classes in the criteria (a no-one-combines-X-with-Y record without a mechanistic reason, and unresolved claiming papers). The reader additionally judges the substance already addressed in the wider literature (GCNs for aMCI/naMCI subtype classification, protein-interaction graph networks over fluid biomarkers, patient-similarity graphs into GCNs, attention-based genomic-imaging fusion), which would make it EXISTS_IN_EXTERNAL_LITERATURE even if the anchors resolved. [Note: the external citations came from an AI web search and were not independently verified here; the structural grounds alone suffice for the reject.]"
55,IA-38,IA,"P-581 (Torso 2025; single NACC cohort, N=826, diffusion MRI, Kaplan-Meier survival): cortical minicolumn-related diffusivity (PerpPD+ in medial-temporal and connected regions) outperformed hippocampal volume, cortical volume, and cortical thickness in predicting faster MCI-to-dementia conversion (single-cohort, proprietary pipeline, no external validation, qualitative survival separation with no reported HR/AUC).",P-581,P-581: downloads/5. Neuroimaging and Neurophysiological Biomarkers/PMID_40420356_ALZ-21-e70310.pdf,admit,"Human 2026-09-20: admit. P-581 has now been verified at three items (25, 80 and here): single NACC cohort, N=826, Kaplan-Meier survival analysis, with cortical minicolumn-related diffusivity (PerpPD+ in medial-temporal and connected regions) outperforming hippocampal volume, cortical volume and cortical thickness in predicting faster MCI-to-dementia conversion. The record carries its own bounds (single cohort, proprietary pipeline, no external validation, qualitative survival separation with no reported HR or AUC), so it is a bounded reversal of macrostructure-first prognosis, stated with its limits. [Aid: AI reading summary used; figures re-verified against the block; verdict is the readers own.]"
56,VF-31,VF,"VF (rescoped, group-level): REDUCED RESTING-STATE ALPHA IS A CROSS-AETIOLOGY MCI SIGNATURE IN THIS CORPUS, REPLICATED ACROSS TWO MEASUREMENT FAMILIES. Supported core: every separately-reported MCI subgroup tested in the corpus's two resting-EEG spectral-power studies shows reduced alpha versus controls irrespective of underlying disease — AD-MCI and PD-MCI (P-450, Results: ""Both AD-MCI and PD-MCI showed ...","P-450, P-398, P-453, P-890","P-450: downloads/5. Neuroimaging and Neurophysiological Biomarkers/1-s2.0-S1388245722001638-main.pdf | P-398: downloads/5. Neuroimaging and Neurophysiological Biomarkers/1-s2.0-S019745802300115X-main.pdf | P-453: downloads/5. Neuroimaging and Neurophysiological Biomarkers/1-s2.0-S1388245723007630-main.pdf | P-890: downloads/1. Clinical Assessments, Behavioral and Social Factors/1-s2.0-S2590112522000111-main.pdf",admit,"Reader 2026-09-21: admit. Four papers form direct consensus: cross-aetiology (AD-MCI/PD-MCI P-450; CKD/cerebrovascular P-398; PD severity P-890) and two measurement families (spectral power P-450/P-398; connectivity/synchrony P-453 meta 12 studies, P-890 coherence). [Aid: external AI reading; all four supporter findings re-verified against blocks by assistant]"
57,G-CAND-330,G,"P-622 (Clinical/population - neuropsychological domain-based MCI subtyping with longitudinal MMSE/FAQ trajectories (ADNI cohort), biomarker analysis): ADNI research cohort (generalisability); subtyping threshold dependence; observational (no mechanism).",P-622,"P-622: downloads/1. Clinical Assessments, Behavioral and Social Factors/1-s2.0-S0022395624000517-main.pdf",admit,"Reader 2026-09-21: admit, with stated concession that the gap title is not a research problem in itself; reader holds these field limitations are inspiration material for research problems. DISAGREES with pipeline reject. [Reader own reasoning; record is a P-622 single-paper limitations stub]"
58,G-CAND-34,G,"P-300 (Behavioural/digital, biomarker analysis): Small sample and controlled laboratory setting.",P-300,P-300: downloads/4. Computational Models and Modern AI Architectures/PMID_39506783_12984_2024_Article_1483.pdf,reject,"Reader 2026-09-21: reject. Paper limitation (small sample, controlled laboratory), not a research gap."
59,G-07,G,"No CORPUS paper quantifies cost-effectiveness (QALY/ICER) of biomarker panels for MCI; the specific unmet piece is the cost-effectiveness of ML-guided multimodal biomarker triage (sequential vs simultaneous testing) for an MCI population. CORPUS-SCOPED: single-biomarker AD health-economics (amyloid PET, plasma p-tau, lecanemab ICERs) is a real field literature, so this is not a field-wide absence.","P-61, P-62, P-63",P-61: downloads/4. Computational Models and Modern AI Architectures/1-s2.0-S0893608023002046-main.pdf | P-62: downloads/4. Computational Models and Modern AI Architectures/1-s2.0-S0893608023007037-main.pdf | P-63: downloads/4. Computational Models and Modern AI Architectures/1-s2.0-S0893608025002229-main.pdf,admit,Reader 2026-09-21: admit. The record was narrowed/rescoped (ML-guided multimodal biomarker triage cost-effectiveness) and is acceptable as scoped.
60,VF-07,VF,"Reaction-time / temporal-dynamic features are used as MCI-discriminative signals across modalities (computerized testing, driving, EEG+HRV, speech). NOTE: only P-101 shows WITHIN-STUDY that temporal features add information BEYOND accuracy-only scoring; the rest report temporal features without that comparison, so the ""beyond accuracy-only"" claim rests on 1 paper, not the consensus.","P-58, P-59, P-69, P-83, P-101",P-58: downloads/4. Computational Models and Modern AI Architectures/1-s2.0-S088523082100022X-main.pdf | P-59: downloads/4. Computational Models and Modern AI Architectures/1-s2.0-S0885230822000201-main.pdf | P-69: downloads/4. Computational Models and Modern AI Architectures/1-s2.0-S0933365723000246-main.pdf | P-83: downloads/4. Computational Models and Modern AI Architectures/1-s2.0-S1051200424000241-main.pdf | P-101: downloads/4. Computational Models and Modern AI Architectures/1-s2.0-S1532046422001241-main.pdf,admit,"[NONBLIND] Reader en-bloc confirmation 2026-09-21: reader states the record was reviewed against its sources during pipeline operation and the pipeline verdict is correct; recorded at reader instruction with the pipeline verdict visible, therefore excluded from the blinded agreement estimate (C.4). Remains available for a second adjudicator cold read."
61,CF-183,CF,"Multimodal fusion with per-modality interpretability (B-cos visualization) reveals why adaptive fusion outperforms fixed-weight ensembles: modality importance varies by population signature, suggesting that interpretability is essential for robust cross-cohort multimodal architecture design","P-359, P-1",P-359: downloads/4. Computational Models and Modern AI Architectures/TSP_CMC_64354.pdf | P-1: downloads/4. Computational Models and Modern AI Architectures/1-s2.0-S001048252200909X-main.pdf,reject,"[NONBLIND] Reader en-bloc confirmation 2026-09-21: reader states the record was reviewed against its sources during pipeline operation and the pipeline verdict is correct; recorded at reader instruction with the pipeline verdict visible, therefore excluded from the blinded agreement estimate (C.4). Remains available for a second adjudicator cold read."
62,IA-39,IA,"P-560 (Sighinolfi 2024; single-site Bologna cohort, N=37 MCI [25 converters / 12 non-converters], 1.5T, Leave-One-Out validation): the width of the right posterior inferior temporal sulcus best separated converters from non-converters (ROC AUC 0.907), and no cortical-thickness region differed significantly - but on a single small single-site cohort with in-sample LOO and no independent test set, so the thickness ...",P-560,P-560: downloads/5. Neuroimaging and Neurophysiological Biomarkers/PMID_38640154_jad-99-jad231192.pdf,admit,Reader 2026-09-21: admit. P-560 head-to-head: sulcal width outperformed cortical thickness in every contrast; no cortical-thickness regions differed for MCIc vs MCInc; right posterior inferior temporal sulcus width best predictor. [Aid: external AI reading; block re-verified by assistant incl. AUC 0.907]
63,IA-25,IA,"P-374 (single clinical AD/MCI EEG cohort, sample size not reported) found subclinical epileptiform spikes in ~33% of MCI patients with no seizure history, associated with 1.3x faster cognitive decline (p<0.001) and higher dementia conversion (p<0.001). The 33% prevalence refutes the categorical 'spikes absent in MCI without seizures'; the decline/conversion associations are correlational (causality unclear per the ...",P-374,P-374: downloads/5. Neuroimaging and Neurophysiological Biomarkers/1-s2.0-S0022510X2400248X-main.pdf,reject,"[NONBLIND] Reader en-bloc confirmation 2026-09-21: reader states the record was reviewed against its sources during pipeline operation and the pipeline verdict is correct; recorded at reader instruction with the pipeline verdict visible, therefore excluded from the blinded agreement estimate (C.4). Remains available for a second adjudicator cold read."
64,G-09,G,No longitudinal follow-up data exists for MCI patients after computational diagnosis; clinical utility never demonstrated,"P-21, P-33, P-68",P-21: downloads/4. Computational Models and Modern AI Architectures/1-s2.0-S0165027020304635-main.pdf | P-33: downloads/4. Computational Models and Modern AI Architectures/1-s2.0-S0169260725005784-main.pdf | P-68: downloads/4. Computational Models and Modern AI Architectures/1-s2.0-S092523122501793X-main.pdf,admit,Reader 2026-09-21: admit.
65,CF-01,CF,Combining multimodal reduces reliance on structural signal alone; adaptive weighting suggests DTI/fMRI contribute when structural pattern ambiguous,"P-50, P-48",P-50: downloads/4. Computational Models and Modern AI Architectures/1-s2.0-S030645222400349X-main.pdf | P-48: downloads/4. Computational Models and Modern AI Architectures/1-s2.0-S0306452223000477-main.pdf,reject,"[NONBLIND] Reader en-bloc confirmation 2026-09-21: reader states the record was reviewed against its sources during pipeline operation and the pipeline verdict is correct; recorded at reader instruction with the pipeline verdict visible, therefore excluded from the blinded agreement estimate (C.4). Remains available for a second adjudicator cold read."
66,IA-14,IA,"These accuracies cluster on internal validation (V2) with small/modest N and NO external cohort - HIGHLY SUSPECT for data leakage (subject-level bleed across train/test slices, or feature selection on the full set) / overfitting, and implausible as true performance. P-113 and P-117 were already flagged corpus-suspect for the same >97% pattern. NB the specific leak mechanism (duplicate patients, full-set feature ...",P-200,P-200: downloads/4. Computational Models and Modern AI Architectures/PMID_35455005_life-12-00514.pdf,admit,"[NONBLIND] Reader en-bloc confirmation 2026-09-21: reader states the record was reviewed against its sources during pipeline operation and the pipeline verdict is correct; recorded at reader instruction with the pipeline verdict visible, therefore excluded from the blinded agreement estimate (C.4). Remains available for a second adjudicator cold read."
67,IA-16,IA,"P-147 built RSF, XGBoost, and Cox models on a LARGE NACC MCI cohort (n=3674, 13 SHAP-ranked predictors) and found the XGBoost and RSF models were NOT better than the Cox model on validation-set concordance. On a well-powered sample, ML complexity gave no advantage over classical, interpretable survival regression.",P-309,P-309: downloads/4. Computational Models and Modern AI Architectures/PMID_39915222_main (1).pdf,admit,"[NONBLIND] Reader en-bloc confirmation 2026-09-21: reader states the record was reviewed against its sources during pipeline operation and the pipeline verdict is correct; recorded at reader instruction with the pipeline verdict visible, therefore excluded from the blinded agreement estimate (C.4). Remains available for a second adjudicator cold read."
68,IA-01,IA,"P-50 (VBM+SBM, N=46) and P-99 (FreeSurfer Random Forest, N=207) show MCI structural change is DISTRIBUTED, not hippocampus-confined. P-50 reports significant volume reductions not only in hippocampus (left p=0.006, right p=0.008) but also thalamus (left p=0.011), pallidum (right p=0.009) and amygdala (left p=0.031), plus cortical sulcal-depth and gyrification changes (fusiform, parahippocampal, lingual, ...",P-50,P-50: downloads/4. Computational Models and Modern AI Architectures/1-s2.0-S030645222400349X-main.pdf,admit,"[NONBLIND] Reader en-bloc confirmation 2026-09-21: reader states the record was reviewed against its sources during pipeline operation and the pipeline verdict is correct; recorded at reader instruction with the pipeline verdict visible, therefore excluded from the blinded agreement estimate (C.4). Remains available for a second adjudicator cold read."
69,CF-81,CF,P-85 finds - Progressive prefrontal FC impairment tracked cognitive decline severity - Combined FC scale features and reports limitation - Generalizability and standardization of fNIRS protocols require further work P-150 finds evaluation phases TheRAVLT-sum5 value used in the rest of this document is theRAVLTsum5 score and reports limitation Informatics in Medicine Unlocked 35 2022 101120,"P-85, P-150",P-85: downloads/4. Computational Models and Modern AI Architectures/1-s2.0-S1053811925001326-main.pdf | P-150: downloads/4. Computational Models and Modern AI Architectures/1-s2.0-S235291482200257X-main.pdf,reject,"[NONBLIND] Reader en-bloc confirmation 2026-09-21: reader states the record was reviewed against its sources during pipeline operation and the pipeline verdict is correct; recorded at reader instruction with the pipeline verdict visible, therefore excluded from the blinded agreement estimate (C.4). Remains available for a second adjudicator cold read."
70,ACTOR-G-034,G,"Test-retest / scan-rescan reliability (ICC) and practice/learning effects of the ML INPUT feature are essentially never reported across EEG, digital-behavioural and structural biomarker studies, despite these biomarkers being explicitly pitched for longitudinal / repeated monitoring - and the one corpus study that measures cross-session reliability shows it is STAGE-DEPENDENT (lower in patients), so differential ...","P-420, P-400, P-354, P-167",P-420: downloads/5. Neuroimaging and Neurophysiological Biomarkers/1-s2.0-S0730725X21001089-main.pdf | P-400: downloads/5. Neuroimaging and Neurophysiological Biomarkers/1-s2.0-S0197458024000265-main.pdf | P-354: downloads/4. Computational Models and Modern AI Architectures/PMID_41726528_AMIASYMPROC-2025-7705.pdf | P-167: downloads/4. Computational Models and Modern AI Architectures/aging-2024-1-e55126.pdf,admit,"Reader 2026-09-21: admit. P-400/P-354/P-167 pitch longitudinal use without test-retest reporting; P-420 shows reliability is stage-dependent (ICC 0.44-0.77 healthy, 0.31-0.62 MCI, -0.06-0.44 AD), so change cannot be separated from noise. [Aid: external AI reading; P-420 ICC figures re-verified against block by assistant]"
71,CF-191,CF,"The eye offers TWO independent PERIPHERAL windows on cognitive impairment - corneal small-fibre nerve integrity and retinal microvascular geometry - and the corneal-nerve channel even outperforms brain MRI volumetry, showing ocular MCI biomarkers extend beyond retinal-layer OCT to corneal and vascular structures.","P-224, P-255",P-224: downloads/4. Computational Models and Modern AI Architectures/PMID_36852724_ACN3-10-599.pdf | P-255: downloads/4. Computational Models and Modern AI Architectures/PMID_38160279_nihms-1982066.pdf,admit,"Human 2026-09-19: admit (set verdict). P-224 (corneal confocal microscopy, single cohort): CCM measures outperformed hippocampal and whole-brain MRI volumetry for progression prediction in the reported cohort - stated head-to-head in the block. P-255 (RECOGNISED, N=307 type-2-diabetes, 578 eyes; block corrected 2026-06-26 from an earlier fabricated version): lower retinal arteriolar tortuosity associated with MCI (OR 1.44, 95% CI 1.08-1.92); retinal microvascular parameters reach AUC 0.73 with patient characteristics. Two independent peripheral ocular channels - corneal small-fibre integrity and retinal microvascular geometry - in independent cohorts; the joint insight that ocular MCI biomarkers extend beyond retinal-layer OCT is stated by neither alone. Caveats: P-224 is a single cohort pending replication; P-255 is a diabetes population with no healthy-control arm. [Provenance: reader set-admit; assistant re-verified against the blocks before recording.]"
72,ACTOR-G-033,G,"The MCI / conversion OUTCOME LABEL is operationalised non-comparably across studies - conversion defined over inconsistent and frequently unreported minimum-follow-up windows (2/3/4/8 yr or unstated), contaminating the 'stable' negative class with right-censored future converters; and prevalent-MCI defined by different criteria (MoCA<25, age-standardised MMSE, education-stratified Petersen, EHR/ICD code, ...","P-96, P-270, P-258, P-646, P-293, P-3, P-41, P-88, P-507, P-512","P-96: downloads/4. Computational Models and Modern AI Architectures/1-s2.0-S1386505625002473-main.pdf | P-270: downloads/4. Computational Models and Modern AI Architectures/PMID_38450963_BRB3-14-e3456.pdf | P-258: downloads/1. Clinical Assessments, Behavioral and Social Factors/1-s2.0-S1876201822002222-main.pdf | P-646: downloads/1. Clinical Assessments, Behavioral and Social Factors/1-s2.0-S016503272300811X-main.pdf | P-293: downloads/4. Computational Models and Modern AI Architectures/PMID_39227330_jcn-20-478.pdf | P-3: downloads/4. Computational Models and Modern AI Architectures/1-s2.0-S0010482523001658-main.pdf | P-41: downloads/4. Computational Models and Modern AI Architectures/1-s2.0-S0262885625000794-main.pdf | P-88: downloads/4. Computational Models and Modern AI Architectures/1-s2.0-S1076633222006894-main.pdf | P-507: downloads/5. Neuroimaging and Neurophysiological Biomarkers/PMID_33746695_fnins-15-584641.pdf | P-512: downloads/5. Neuroimaging and Neurophysiological Biomarkers/PMID_34349837_10.1177_17562864211029551.pdf",admit,"Reader 2026-09-21: admit. Conversion windows 2/3/4/8 yr (P-507/P-3/P-512/P-88) contaminate stable class with right-censored converters; MCI operationalised via MoCA<25 (P-258), MMSE norms (P-96), Petersen (P-270), self-report (P-646/P-293); no study varies the label on a fixed cohort. [Aid: external AI reading; matches record statement]"
73,IA-97,IA,"The standing view that GFAP rises in MCI/AD because it is the astrocytic protein overexpressed in reactive astrogliosis - and that an accessible peripheral biofluid therefore reads that rise in the SAME direction as CSF/plasma - does not hold for saliva. In the first systematic salivary GFAP evaluation (P-1234; 20 amnestic single-domain MCI, 20 AD, 20 cognitively healthy controls, AHEPA/GAADRD Thessaloniki), ...",P-1234,"P-1234: downloads/3. Molecular, Genetic and Fluid Biomarkers/1-s2.0-S016557282100271X-main.pdf",reject,"[NONBLIND] Reader en-bloc confirmation 2026-09-21: reader states the record was reviewed against its sources during pipeline operation and the pipeline verdict is correct; recorded at reader instruction with the pipeline verdict visible, therefore excluded from the blinded agreement estimate (C.4). Remains available for a second adjudicator cold read."
74,IA-44,IA,"P-524 (Song 2022; ADNI-GO/ADNI-2, total N=472, progression analysis on 197 MCI across 8 ATN profiles): in this single observational cohort, 5-year MCI-to-AD progression ranged 11.9% (A-T-N-) to 92.3% (A+T+N+), and the authors reported A+T+N+ patients had worse baseline status and higher progression than A+T+N-, warranting separate rather than merged modelling. Per-profile cells are small (esp. A+T+N+); replication ...",P-524,P-524: downloads/5. Neuroimaging and Neurophysiological Biomarkers/PMID_34983097_kjr-23-89.pdf,admit,"[NONBLIND] Reader en-bloc confirmation 2026-09-21: reader states the record was reviewed against its sources during pipeline operation and the pipeline verdict is correct; recorded at reader instruction with the pipeline verdict visible, therefore excluded from the blinded agreement estimate (C.4). Remains available for a second adjudicator cold read."
75,ACTOR-G-032,G,"Treatment-response / responder prediction is essentially absent as a MODELLING task in MCI intervention research: response to neuromodulation and other interventions is demonstrably heterogeneous and candidate baseline predictors are named, yet no study builds or externally/cross-validates a MULTIVARIABLE baseline-biomarker -> response model reporting held-out discrimination - existing work is confined to ...","P-461, P-373, P-575, P-418",P-461: downloads/5. Neuroimaging and Neurophysiological Biomarkers/1-s2.0-S156816372400326X-main.pdf | P-373: downloads/5. Neuroimaging and Neurophysiological Biomarkers/1-s2.0-S0022395625005977-main.pdf | P-575: downloads/5. Neuroimaging and Neurophysiological Biomarkers/PMID_39958266_cmj-61-1.pdf | P-418: downloads/5. Neuroimaging and Neurophysiological Biomarkers/1-s2.0-S0531556525003389-main.pdf,admit,"[NONBLIND] Reader en-bloc confirmation 2026-09-21: reader states the record was reviewed against its sources during pipeline operation and the pipeline verdict is correct; recorded at reader instruction with the pipeline verdict visible, therefore excluded from the blinded agreement estimate (C.4). Remains available for a second adjudicator cold read."
76,VF-13,VF,Retinal multi-modal imaging is a viable low-burden biomarker direction for MCI and early cognitive decline screening,"P-5, P-105",P-5: downloads/4. Computational Models and Modern AI Architectures/1-s2.0-S0010482523008764-main.pdf | P-105: downloads/4. Computational Models and Modern AI Architectures/1-s2.0-S1566253525002751-main.pdf,reject,"[NONBLIND] Reader en-bloc confirmation 2026-09-21: reader states the record was reviewed against its sources during pipeline operation and the pipeline verdict is correct; recorded at reader instruction with the pipeline verdict visible, therefore excluded from the blinded agreement estimate (C.4). Remains available for a second adjudicator cold read."
77,IA-28,IA,"In P-362 (Yang & Huang 2023; single cohort 30 aMCI vs 30 controls, EEG), despite significantly worse behavioural metaphor accuracy (especially novel metaphors), ERP showed no significant group difference in N400 or LPC amplitude - contrary to the expected N400 alteration. Note: the metaphor 'rebound' effect masks the LPC (not the N400). This is a paradigm-specific, underpowered null rather than a general disproof.",P-362,P-362: downloads/5. Neuroimaging and Neurophysiological Biomarkers/1-s2.0-S0001691823000707-main.pdf,admit,"[NONBLIND] Reader en-bloc confirmation 2026-09-21: reader states the record was reviewed against its sources during pipeline operation and the pipeline verdict is correct; recorded at reader instruction with the pipeline verdict visible, therefore excluded from the blinded agreement estimate (C.4). Remains available for a second adjudicator cold read."
78,IA-24,IA,"P-142 (MIND-China, N=1072 dementia-free; 243 SCD, 246 MCI) found via VBM that MCI had reduced GMV in bilateral parahippocampus, hippocampus, and fusiform, while SCD showed no significant GMV difference from normal cognition (P>0.05). However, the SAME study's ROI-wise SBM analysis found SCD WAS significantly associated with cortical thinning in the right paracentral sulcus, left caudal middle frontal gyrus, and left ...",P-142,P-142: downloads/4. Computational Models and Modern AI Architectures/1-s2.0-S2213158224001323-main.pdf,reject,"[NONBLIND] Reader en-bloc confirmation 2026-09-21: reader states the record was reviewed against its sources during pipeline operation and the pipeline verdict is correct; recorded at reader instruction with the pipeline verdict visible, therefore excluded from the blinded agreement estimate (C.4). Remains available for a second adjudicator cold read."
79,G-CAND-10,G,"P-194 (MRI/PET, MCI detection): External transportability and clinical readiness require further validation.","P-194, P-421",P-194: downloads/4. Computational Models and Modern AI Architectures/PMID_34996518_13195_2021_Article_915.pdf | P-421: downloads/5. Neuroimaging and Neurophysiological Biomarkers/1-s2.0-S0925492725001155-main.pdf,reject,"[NONBLIND] Reader en-bloc confirmation 2026-09-21: reader states the record was reviewed against its sources during pipeline operation and the pipeline verdict is correct; recorded at reader instruction with the pipeline verdict visible, therefore excluded from the blinded agreement estimate (C.4). Remains available for a second adjudicator cold read."
80,CF-187,CF,"In both the white-matter (tract sub-bundle) and gray-matter (cortical minicolumn) compartments, fine-grained diffusion sub-metrics unlock diagnostic/prognostic signal invisible to coarse whole-tract or macro-volumetric summaries - granularity, not modality, is the differentiator.","P-408, P-581",P-408: downloads/5. Neuroimaging and Neurophysiological Biomarkers/1-s2.0-S0304394023002902-main.pdf | P-581: downloads/5. Neuroimaging and Neurophysiological Biomarkers/PMID_40420356_ALZ-21-e70310.pdf,admit,"Human 2026-09-19: admit (set verdict). P-408 (N=60): splenium sub-bundle tractography concentrates group differences in the parietal sub-tracts, with combined parietal-tract diffusivity and density classifying MCI vs controls at AUC 74.97 percent and the block calling sub-tracts potentially better than whole-splenium metrics. P-581 (NACC 826, verified at item 25): cortical minicolumn disarray metrics outperform hippocampal volume, cortical volume and cortical thickness for conversion prediction. Granularity over coarseness in both the white-matter and gray-matter compartments, independent cohorts and methods; joint insight stated by neither alone. Caveat: P-408 also reports an AD-vs-controls AUC of 97.19 percent internal, brushing the performance-suspect threshold; the record leans on the MCI contrast (74.97) and the sub-bundle localisation, not that figure. [Provenance: reader set-admit; assistant re-verified against the blocks before recording.]"
81,CF-188,CF,"Compensatory functional ENHANCEMENT in MCI appears in a deep BOLD-timescale measure and an independent cortical optical measure, and across Caucasian and Chinese cohorts - cross-modality plus cross-ancestry convergence that strengthens compensation as a real phenomenon rather than a modality- or population-specific artefact. (Complements CF-B579-02, which paired fNIRS with ERP.)","P-561, P-571",P-561: downloads/5. Neuroimaging and Neurophysiological Biomarkers/PMID_38658167_jneuro-44-e2024232024.pdf | P-571: downloads/5. Neuroimaging and Neurophysiological Biomarkers/PMID_39554484_fnagi-16-1416816.pdf,admit,"Human 2026-09-19: admit (set verdict). P-561 (multi-site rs-fMRI, ComBat harmonised across 58 sites, largely Caucasian sample): intrinsic neural timescale in the hippocampus is LENGTHENED despite atrophy, interpreted as a compensatory response, with AD/converter profiles distinct from stable MCI. P-571 (fNIRS, single-centre Chinese cohort): an ENHANCED right-prefrontal connectivity subnetwork in MCI whose FC correlates with MoCA (subnetwork FC plus education explain 25.7 percent of variance), interpreted as compensation. Cross-modality (deep BOLD timescale vs cortical optical) and cross-ancestry convergence on functional enhancement in MCI; stated by neither paper alone; independent cohorts and groups. Caveats carried: both studies interpret enhancement as compensation without mechanistic confirmation (P-571 says so itself), and the P-561 converter group is N=57. [Provenance: reader set-admit; assistant re-verified against the blocks before recording.]"
82,IA-104,IA,"A modifiable-risk index validated for dementia does not transfer to the incident-MCI endpoint, so the routine fusion of 'MCI/dementia incidence' into one prevention outcome is not warranted. In the MYHAT population cohort, the LIBRA / LIBRA2 index was consistently associated with incident dementia across weight sets (HR 1.04-1.40 per point, all P<0.05 under joint modelling) but was not consistently associated with ...",P-1165,"P-1165: downloads/1. Clinical Assessments, Behavioral and Social Factors/PMID_41424589_nihms-2126641.pdf",reject,"[NONBLIND] Reader en-bloc confirmation 2026-09-21: reader states the record was reviewed against its sources during pipeline operation and the pipeline verdict is correct; recorded at reader instruction with the pipeline verdict visible, therefore excluded from the blinded agreement estimate (C.4). Remains available for a second adjudicator cold read."
83,IA-35,IA,"P-576 (Vergani 2025; N=178: 119 SCD/40 MCI/19 HS, cross-sectional): SCD showed attenuation of sensory (P1/N1/P2) and cognitive (P300/P600/P900) ERP components vs healthy; MCI did not decline further - instead ERP components showed a compensatory-type enhancement (clearest and statistically robust for P600, trend-level for other components) that reversed the SCD downward trend, producing a non-monotonic (V-shaped) ...",P-144,P-144: downloads/4. Computational Models and Modern AI Architectures/1-s2.0-S2213158225000300-main.pdf,admit,"[NONBLIND] Reader en-bloc confirmation 2026-09-21: reader states the record was reviewed against its sources during pipeline operation and the pipeline verdict is correct; recorded at reader instruction with the pipeline verdict visible, therefore excluded from the blinded agreement estimate (C.4). Remains available for a second adjudicator cold read."
84,IA-06,IA,"P-84, P-86 (performance benchmarking, AUC 87-92% on ADNI) show algorithms fail on external non-ADNI cohorts (Moscow N=207: AUC drops to 0.68)",P-84,P-84: downloads/4. Computational Models and Modern AI Architectures/1-s2.0-S1053811924001587-main.pdf,reject,"[NONBLIND] Reader en-bloc confirmation 2026-09-21: reader states the record was reviewed against its sources during pipeline operation and the pipeline verdict is correct; recorded at reader instruction with the pipeline verdict visible, therefore excluded from the blinded agreement estimate (C.4). Remains available for a second adjudicator cold read."
85,CF-95,CF,P-96 finds - High-accuracy MCI screening achievable with just 7 routine clinical indicators - Model maintained and reports limitation - Cross-cultural generalizability needs broader validation - Mechanistic interpretation of grip strength creatinine for MCI risk not detailed P-299 finds Combined gray and white matter radiomics with LightGBM yielded the strongest MCI classification performance and reports,"P-96, P-299",P-96: downloads/4. Computational Models and Modern AI Architectures/1-s2.0-S1386505625002473-main.pdf | P-299: downloads/4. Computational Models and Modern AI Architectures/PMID_39430972_fnagi-16-1460293.pdf,reject,"[NONBLIND] Reader en-bloc confirmation 2026-09-21: reader states the record was reviewed against its sources during pipeline operation and the pipeline verdict is correct; recorded at reader instruction with the pipeline verdict visible, therefore excluded from the blinded agreement estimate (C.4). Remains available for a second adjudicator cold read."
86,C-234,C,"Study A (P-832): P-832 (Teselink et al. 2021, Ageing Res Rev 72:101499; NIBS meta-analysis, 19 studies for global cognition): the tDCS subgroup did NOT significantly improve global cognition - SMD 1.20 (95% CI -0.26, 2.65), I2 93.6%, p ... || Study B (P-705): P-705 (tDCS meta-analysis for global cognition in MCI and AD, 22 RCTs / 1,074 patients, 426 MCI and 648 AD): tDCS DID improve global cognition - MMSE pooled mean difference 1.96 points (95% CI 0.95 to 2.97), p = 0.0001, ...","P-832, P-705","P-832: downloads/1. Clinical Assessments, Behavioral and Social Factors/1-s2.0-S1568163721002464-main.pdf | P-705: downloads/1. Clinical Assessments, Behavioral and Social Factors/1-s2.0-S0197457224001927-main.pdf",admit,"Human 2026-09-19: admit (set verdict). Synthesis-level conflict verified in both blocks: P-832 (Teselink 2021, NIBS meta-analysis, 19 studies for global cognition) - the tDCS subgroup did NOT significantly improve global cognition, SMD 1.20 (95% CI -0.26 to 2.65), I-squared 93.6 percent; P-705 (2024 tDCS meta-analysis, 22 RCTs / 1,074 patients) - tDCS DID improve global cognition, MMSE pooled mean difference 1.96 points (95% CI 0.95 to 2.97), p = 0.0001. Same question (tDCS for global cognition in MCI/AD), same synthesis level, opposite conclusions from different inclusion windows over an unstable trial base with extreme heterogeneity on both sides - exactly the disagreement Table 2 records. Note: as two meta-analyses over overlapping primary trials the two sides are not independent evidence bases; for a synthesis-level conflict that overlap is the point of the record, not a defect. [Provenance: reader set-admit; assistant re-verified both sets of figures against the blocks (P-832 read via the trimmed pack; its full block is a 235k-char inflation case).]"
87,IA-49,IA,"P-621 (prospective single-blind RCT, N=116 VaDep-MCI, Fujian Medical University Union Hospital) augmented escitalopram with the 5-HT1A agonist tandospirone citrate vs escitalopram alone. The tandospirone group showed significantly greater improvement in Semantic Verbal Fluency (Weeks 4 and 8) and Trail Making Test B-A (Week 8) on GEE, while RAVLT / Digit Span / Clock Drawing were stable in both arms. A formal ...",P-621,"P-621: downloads/1. Clinical Assessments, Behavioral and Social Factors/1-s2.0-S0022395622006926-main.pdf",admit,"[NONBLIND] Reader en-bloc confirmation 2026-09-21: reader states the record was reviewed against its sources during pipeline operation and the pipeline verdict is correct; recorded at reader instruction with the pipeline verdict visible, therefore excluded from the blinded agreement estimate (C.4). Remains available for a second adjudicator cold read."
88,CF-186,CF,"A pre-atrophy DETECTABILITY WINDOW is carried by BOTH a vascular substrate (perfusion) and a neural substrate (connectivity), and appears in BOTH PD-type and amnestic MCI - suggesting that function-sensitive measures detect MCI where volumetry is still silent as a general, multi-physiology property rather than a single-modality artefact. [Reworded 2026-08-15 per operator verdict: P-531 shows a function/structure ...","P-531, P-518",P-531: downloads/5. Neuroimaging and Neurophysiological Biomarkers/PMID_35898326_fnagi-14-896191.pdf | P-518: downloads/5. Neuroimaging and Neurophysiological Biomarkers/PMID_34737688_EXCLI-20-1458.pdf,admit,"Human 2026-09-19: admit (set verdict). P-531 (longitudinal ASL, 49 PD + 37 HC over two years): prefrontal cerebral blood flow declines with conversion to PD-MCI (left lateral orbitofrontal -25.8 percent in converters vs -7.8 in non-converters, interaction p = 0.036), CBF-executive correlations hold independent of atrophy, and prefrontal volume change is uncorrelated with CBF change - the perfusion channel moves where volume is silent. P-518 (rs-fMRI, verified at items 24/25): fronto-temporal decoupling separates confirmed amnestic MCI where hippocampal subvolumes and cortical thickness do not. A pre-atrophy detectability window carried by a vascular and a neural substrate, in PD-type and amnestic MCI, per the record as reworded 2026-08-15; stated by neither paper alone; independent cohorts. [Provenance: reader set-admit; assistant re-verified against the blocks before recording.]"
89,VF-27,VF,"Depression is associated with MCI status, but depression SEVERITY is dissociated from the MCI neurobiology and the prognosis it is assumed to grade: across independent modalities, severity scores fail to correlate with structural or functional brain measures, fail to predict conversion, and where severity strata are separated the milder stratum carries the worse signal.","P-509, P-579, P-595, P-602, P-606, P-636, P-643, P-647, P-662, P-663","P-509: downloads/5. Neuroimaging and Neurophysiological Biomarkers/PMID_34068226_brainsci-11-00627.pdf | P-579: downloads/5. Neuroimaging and Neurophysiological Biomarkers/PMID_40325184_62_2025_1516_MOESM1_ESM.pdf | P-595: downloads/5. Neuroimaging and Neurophysiological Biomarkers/PMID_41559358_41598_2026_Article_35610.pdf | P-602: downloads/1. Clinical Assessments, Behavioral and Social Factors/1-s2.0-S0002916525006720-main.pdf | P-606: downloads/1. Clinical Assessments, Behavioral and Social Factors/1-s2.0-S0010945223000886-main.pdf | P-636: downloads/1. Clinical Assessments, Behavioral and Social Factors/1-s2.0-S0045653522024043-main.pdf | P-643: downloads/1. Clinical Assessments, Behavioral and Social Factors/1-s2.0-S0165032720331396-main.pdf | P-647: downloads/1. Clinical Assessments, Behavioral and Social Factors/1-s2.0-S0165032723012120-main.pdf | P-662: downloads/1. Clinical Assessments, Behavioral and Social Factors/1-s2.0-S0166432822000687-main.pdf | P-663: downloads/1. Clinical Assessments, Behavioral and Social Factors/1-s2.0-S0166432822001619-main.pdf",admit,"[NONBLIND] Reader en-bloc confirmation 2026-09-21: reader states the record was reviewed against its sources during pipeline operation and the pipeline verdict is correct; recorded at reader instruction with the pipeline verdict visible, therefore excluded from the blinded agreement estimate (C.4). Remains available for a second adjudicator cold read."
90,IA-07,IA,"P-589 (Steffener & LaPlume, COMPASS-ND, cross-sectional, N~606) shows modifiable-behaviour cognitive reserve (social/creative/physical activity) significantly weakened the hippocampal-volume-to-memory relationship in the SCI group but no longer moderated it once disease reached MCI - reserve's protection is stage-limited, not absolute.",P-589,P-589: downloads/5. Neuroimaging and Neurophysiological Biomarkers/PMID_41220075_the-role-of-modifiable-risk-factors-in-forming-cognitive-reserve-in-older-adults-with-varying-levels-of-cognitive-impairment-and-neurodegeneration.pdf,admit,"[NONBLIND] Reader en-bloc confirmation 2026-09-21: reader states the record was reviewed against its sources during pipeline operation and the pipeline verdict is correct; recorded at reader instruction with the pipeline verdict visible, therefore excluded from the blinded agreement estimate (C.4). Remains available for a second adjudicator cold read."
91,VF-04,VF,Default Mode Network disruption is the dominant functional connectivity biomarker across MCI stages,P-97,P-97: downloads/4. Computational Models and Modern AI Architectures/1-s2.0-S1388245721006945-main.pdf,reject,"[NONBLIND] Reader en-bloc confirmation 2026-09-21: reader states the record was reviewed against its sources during pipeline operation and the pipeline verdict is correct; recorded at reader instruction with the pipeline verdict visible, therefore excluded from the blinded agreement estimate (C.4). Remains available for a second adjudicator cold read."
92,G-CAND-93,G,"P-441 (MRI/PET, review): N=34; 6-week duration; single-domain cognitive effect.",P-441,P-441: downloads/5. Neuroimaging and Neurophysiological Biomarkers/1-s2.0-S1279770724003749-main.pdf,reject,"[NONBLIND] Reader en-bloc confirmation 2026-09-21: reader states the record was reviewed against its sources during pipeline operation and the pipeline verdict is correct; recorded at reader instruction with the pipeline verdict visible, therefore excluded from the blinded agreement estimate (C.4). Remains available for a second adjudicator cold read."
93,IA-105,IA,"The historical-control (Placebo Group Simulation Approach, PGSA) premise for MCI prevention trials - that an untreated MCI control trajectory derived from one MCI database transports to another once the samples are matched on baseline characteristics - is contradicted by its own generalisation attempt. Across five harmonised MCI databases with individual patient data (ADNI 395, NACC 4328, InDDEx trial 831, CNG 726, ...",P-937,"P-937: downloads/1. Clinical Assessments, Behavioral and Social Factors/PMID_33962665_13195_2021_Article_832.pdf",reject,"[NONBLIND] Reader en-bloc confirmation 2026-09-21: reader states the record was reviewed against its sources during pipeline operation and the pipeline verdict is correct; recorded at reader instruction with the pipeline verdict visible, therefore excluded from the blinded agreement estimate (C.4). Remains available for a second adjudicator cold read."
94,IA-46,IA,"P-255 (Pedersen 2026, RECOGNISED; cross-sectional, 307 individuals with type 2 diabetes / 182 MCI): LOWER retinal arteriolar tortuosity was associated with MCI (OR 1.44, 95% CI 1.08-1.92; AUC 0.73), contradicting - within type 2 diabetes - the assumed higher-tortuosity-higher-risk direction (cross-sectional association only; not tested prospectively or outside T2D).",P-255,P-255: downloads/4. Computational Models and Modern AI Architectures/PMID_38160279_nihms-1982066.pdf,admit,"[NONBLIND] Reader en-bloc confirmation 2026-09-21: reader states the record was reviewed against its sources during pipeline operation and the pipeline verdict is correct; recorded at reader instruction with the pipeline verdict visible, therefore excluded from the blinded agreement estimate (C.4). Remains available for a second adjudicator cold read."
95,G-01,G,No MCI multi-omics SUBTYPING study replicates its discovered molecular subtypes in an independent (non-ADNI) omics cohort; cross-cohort subtype stability/reproducibility is never quantified.,"P-126, P-351",P-126: downloads/4. Computational Models and Modern AI Architectures/1-s2.0-S1746809426000224-main (1).pdf | P-351: downloads/4. Computational Models and Modern AI Architectures/PMID_41636955_12031_2026_Article_2474.pdf,admit,Reader 2026-09-21: admit.
96,G-17,G,"No ML study has specifically optimised its objective function to predict the mechanisms of MCI reversion to normal cognition, explicitly isolating modifiable resilience signatures rather than modelling progression to dementia.",,,admit,Reader 2026-09-21: admit.
